<chapter id="chapter-arch"><title>Architecture</title>
	<figure id="figure-arch" float="1">
		<title>Conceptual architecture for Sesame</title>
		<mediaobject>
			<imageobject>
				<imagedata fileref="figures/arch.gif" format="GIF"/>
			</imageobject>
			<imageobject>
				<imagedata fileref="figures/arch.eps" format="EPS"/>
			</imageobject>
		</mediaobject>
	</figure>
	<para>
<xref linkend="figure-arch"/> shows the conceptual architecture of Sesame. The
dashed line indicates the boundaries of the system. The components in the
diagram will be discussed in the next sections.
	</para>

	<section>
		<title>RDF SAIL API</title>
		<para>
The core component in the architecture diagram is the component called "RDF
SAIL API". SAIL is an acronym for <emphasis>Storage And Inference
Layer</emphasis>. The RDF SAIL is an API that defines RDF-specific methods for
reading data from, and updating data in an RDF or RDF Schema repository.
		</para>
		<para>
The RDF SAIL is used in Sesame to abstract from the type of repository being
used. The functional modules in Sesame (query engines, export modules, etc.)
talk to a repository using this API. This way, the details of the actual
storage and retrieval mechanisms are hidden from the functional modules. This
keeps the modules portable across different SAIL implementation.
		</para>
		<para>
Currently, only SAIL implementations for relational databases and in-memory
storage exist, but the API also allows other types of storage devices to be
used. These implementations are independent from the rest of Sesame and can
thus also be used in other applications that need an RDF repository.
		</para>
		<para>
More information on the RDF SAIL API can be found in
<xref linkend="chapter-sail"/>
		</para>
	</section>

	<section>
		<title>Functional modules</title>
		<para>
On top of the RDF SAIL API several functional modules have been developed.
The currently available functional modules are:
		</para>
		<itemizedlist>
			<listitem>
				<para>
An <emphasis>RQL query engine</emphasis> that is able to evaluate queries in
(Sesame's dialect of) the RQL language.
				</para>
			</listitem>
			<listitem>
				<para>
An <emphasis>RDQL query engine</emphasis> that is able to evaluate queries in
Hewlett Packard's RDQL language.
				</para>
			</listitem>
			<listitem>
				<para>
An <emphasis>RDF Export module</emphasis> that is able to export (parts of)
the data from a repository in several formats.
				</para>
			</listitem>
			<listitem>
				<para>
An <emphasis>RDF Admin module</emphasis> that is able to add and delete data
to/from a repository.
				</para>
			</listitem>
		</itemizedlist>
	</section>

	<section>
		<title>Request Router</title>
		<para>
The Request Router is a component for Sesame <emphasis>servers</emphasis>
handling multiple repositories and user accounts. This component "routes"
incoming requests to the relevant module. In short, what it does when it
receives a request is:
		</para>
		<itemizedlist>
			<listitem>
				<para>
It checks whether the selected repository really exists, and whether the user
has permissions to perform the action on that repository.
				</para>
			</listitem>
			<listitem>
				<para>
It looks up the Sail object for the requested repository. If the repository
hasn't been used before, such a Sail object is created and initialized.
				</para>
			</listitem>
			<listitem>
				<para>
It creates an instance of the relevant module (e.g. an RQL query engine).
				</para>
			</listitem>
			<listitem>
				<para>
It passes the Sail object and other relevant parameters to the module and
waits until it is done.
				</para>
			</listitem>
		</itemizedlist>
		<para>
To understand what is going on in the JVM when a server is running, we can look
at the object graph that is built up and the path that requests follow when the
Request Router handles requests. Consider a scenario where the Request Router
receives three concurrent requests: a request to extract data from repository
'foo', and two request for evaluating RQL queries, one on repository 'foo' and
one on repository 'bar'. The object graph (on a module level) that is then built
is shown in <xref linkend="figure-arch2"/>:
		</para>
		<figure id="figure-arch2" float="1">
			<title>Object graph and request paths in the JVM when three
			concurrent requests are handled by the Request Router</title>
			<mediaobject>
				<imageobject>
					<imagedata fileref="figures/arch2.gif" format="GIF"/>
				</imageobject>
				<imageobject>
					<imagedata fileref="figures/arch2.eps" format="EPS"/>
				</imageobject>
			</mediaobject>
		</figure>
	</section>

	<section>
		<title>Protocol handlers</title>
		<para>
To allow a Sesame server to communicate over multiple protocols, it has a
number of protocol handlers. Each protocol handler handles one communication
protocol. The role of these protocol handlers is to decode incoming requests,
forward these requests to the Request Router, and encode the results.
		</para>
		<para>
So, for example, if a SOAP protocol handler receives a request for evaluating an
RQL query contained in a SOAP envelope, it will decode/extract the request,
forward it to the Request Router, wrap the query results in another SOAP
envelope and send this back to the caller.
		</para>
		<para>
Currently, three protocol handlers exists:
		</para>
		<itemizedlist>
			<listitem>
				<para>
An <emphasis>HTTP protocol handler</emphasis> to facilitate communication using
HTTP GET/POST requests. This protocol is used, for example, when a web browser
is used to contact a Sesame server through the web interface.
				</para>
			</listitem>
			<listitem>
				<para>
A <emphasis>SOAP protocol handler</emphasis> to facilitate communication over
the "web services protocol" SOAP.
				</para>
			</listitem>
			<listitem>
				<para>
An <emphasis>RMI protocol handler</emphasis> to facilitate more direct
communication between Java clients and a Sesame server.
				</para>
			</listitem>
		</itemizedlist>
	</section>

</chapter>
