<chapter id="chapter-directives"><title>Design directives</title>
	<para>
When work on Sesame started for the <ulink url="http://www.ontoknowledge.org/">
On-To-Knowledge project</ulink>, not too much was known about the environment
in which it was going to be used and about the required scalability. Therefore,
Sesame was designed to be portable to a large number of environments, and to
be scalable from small to large data sets. These features have proven to be
very convenient later in the project, and are still invaluable today.
	</para>
	<para>
To fulfill the scalability requirement, a choice was made to make Sesame
stream-based. Everything in Sesame is based on streams of objects, or
<emphasis>iterators</emphasis>, to adhere to the naming conventions in Java.
These iterators can be used to investigate a set of objects one by one, and
do not require that the entire set is in memory.
	</para>
	<para>
Programming Sesame in Java meant that Sesame was already able to run on a
large number of operating systems. The environment of the application is not
<emphasis>only</emphasis> defined by the operating system, however. Things
like databases (a natural choice for storing the data in) and available
methods of communication (HTTP, RMI, e-mail) are also part of it. To be truly
portable, Sesame was designed in such a way that it can be quite easily
extended to handle different types of repositories and different kinds of
communication. How this has been done is explained in the next chapter.
	</para>
</chapter>
