<chapter id="chapter-intro"><title>Introduction</title>
	<para>
This document dives into the internals of Sesame: a storage and querying
facility for <ulink url="http://www.w3.org/RDF/">RDF and RDF Schema</ulink>
data. This document describes the architecture and design of Sesame and will
clarify how specific parts of the system work. To fully understand the
contents of this document, you will need (some) knowledge about Java
programming, UML class diagrams, and databases/SQL.
	</para>
	<para>
Any question or feedback on this document or on the internals of Sesame can
be posted on the forum at
<ulink url="http://www.openrdf.org/">www.openrdf.org</ulink>
	</para>
</chapter>
