<chapter id="chapter-rql">
	<title>The RQL Module</title>
	<para>
		In this chapter we look in detail at the design of the RQL Query
		Engine and Query Model.  
	</para>
	<section>
		<title>The Query Engine</title>
		<para>
			The Query Engine is located in
			<classname>org.openrdf.sesame.query.rql.QueryEngine</classname> and
			serves as the central point for parsing, optimizing and evaluating a
			query. 
		</para>
		<para>
			The RQL parser
			(<classname>org.openrdf.sesame.query.rql.parser.RqlParser</classname>)
			is invoked by the query engine. It takes the supplied query (in
			<classname>String</classname> format) as an argument and parses it
			to produce a query model.
		</para>
	</section>
	<section>
		<title>The RQL Query Model</title>
		<para>
			The RQL query model
			(<classname>org.openrdf.sesame.query.rql.model.*</classname>) provides
			an object representation of an RQL query. It consists of a set of
			interfaces, query and variable objects and selector objects that
			serve as binding objects between variables and values. The query,
			variable and selector objects are created by the RQL parser. 
		</para>
		<figure id="figure-queryhierarchy" float="1">
			<title>The Query Interface hierarchy</title>
			<mediaobject>
				<imageobject>
					<imagedata fileref="figures/queryhierarchy.eps" format="EPS"/>
				</imageobject>
				<imageobject>
					<imagedata fileref="figures/queryhierarchy.gif" format="GIF"/>
				</imageobject>
			</mediaobject>
		</figure>
		<para>
			<xref linkend="figure-queryhierarchy"/> show the query interface
			hierarchy. The most general interface is
			<classname>Query</classname>. The
			<classname>ResourceQuery</classname> interface models all RQL
			(sub)queries that return resources, the
			<classname>BooleanQuery</classname> interface models all RQL
			(sub)queries that return a boolean evaluation, i.e.
			<literal>true</literal> or <literal>false</literal>.
		</para>
		<figure id="figure-sfwquery" float="1">
			<title>The object model for a select-from-where query</title>
			<mediaobject>
				<imageobject>
					<imagedata fileref="figures/sfwquery.gif" format="GIF"/>
				</imageobject>
				<imageobject>
					<imagedata fileref="figures/sfwquery.eps" format="EPS"/>
				</imageobject>
			</mediaobject>
		</figure>
		<para>
			<classname>SfwQuery</classname> is an implementation of the
			<classname>ResourceQuery</classname> interface that models an RQL
			(sub)query of the form "select ... from ... where ...". In <xref
				linkend="figure-sfwquery"/> we can see that each clause in the
			query is modeled as a distinct object, and the
			<classname>SfwQuery</classname> object is the aggregate of these
			objects. The <varname>select</varname> clause is modeled as a
			<classname>List</classname> containing
			<classname>ResourceQuery</classname> objects. The
			<varname>from</varname> clause is modeled as a
			<classname>List</classname> containing
			<classname>Selector</classname> objects. The
			<varname>where</varname> clause is modeled as a
			<classname>BooleanQuery</classname>.
		</para>
		<figure id="figure-selectors" float="1">
			<title>Selector objects provide bindings between subqueries and
				variables</title>
			<mediaobject>
				<imageobject>
					<imagedata fileref="figures/selectors.gif" format="GIF"/>
				</imageobject>
				<imageobject>
					<imagedata fileref="figures/selectors.eps" format="EPS"/>
				</imageobject>
			</mediaobject>
		</figure>
		<para>
			The <classname>Selector</classname> objects are the binding elements
			between the composing parts of the RQL query. In <xref
				linkend="figure-selectors"/> we can see how different types of
			selectors provide bindings between (sub)queries and variables. For
			example, the <classname>ClassSelector</classname> binds a
			<classname>ClassVar</classname> with a
			<classname>ClassQuery</classname>. The
			<classname>DataPathSelector</classname> binds two
			<classname>DataVar</classname> objects with a
			<classname>PropertyVar</classname>. Notice that this selector
			effictively selects RDF statements.
		</para>

	</section>
</chapter>
