<?xml version="1.0" standalone="no"?>

<!DOCTYPE book PUBLIC "-//OASIS//DTD DocBook XML V4.2CR3//EN"
                      "../docbook/docbookx.dtd" [
<!ENTITY preface SYSTEM "intro.xml">
<!ENTITY intro SYSTEM "introduction.xml">
<!ENTITY serverinstall SYSTEM "serverinstall.xml">
<!ENTITY serveradmin SYSTEM "serveradmin.xml">
<!ENTITY repositoryconf SYSTEM "repositoryconf.xml">
<!ENTITY webinterface SYSTEM "webinterface.xml">
<!ENTITY serql-usermanual SYSTEM "serql-usermanual.xml">
<!ENTITY api SYSTEM "api.xml">
<!ENTITY troubleshooting SYSTEM "troubleshooting.xml">
<!ENTITY faq SYSTEM "faq.xml">
<!ENTITY communication SYSTEM "communication.xml">
<!ENTITY commhttp SYSTEM "comm-http.xml">
<!ENTITY commsoap SYSTEM "comm-soap.xml">
<!ENTITY license SYSTEM "fdl.xml">

]>

<book>
	<title>User Guide for Sesame</title>

	<bookinfo>
		<releaseinfo>
			Updated for Sesame release 1.2.6
		</releaseinfo>
		<legalnotice>
			<para>
				Permission is granted to copy, distribute and/or modify this
				document under the terms of the GNU Free Documentation License,
				Version 1.1 or any later version published by the Free Software
				Foundation; with no Invariant Sections, no Front-Cover Texts,
				and no Back-Cover Texts. A copy of the license is included in
				<xref linkend="gfdl"/>.
			</para>
		</legalnotice>
		<copyright>
			<year>2002-2006</year>
			<holder>Aduna B.V.</holder>
			<holder>Sirma AI Ltd.</holder>
		</copyright>
	</bookinfo>

<!-- chapters -->
&preface;
&intro;
&serverinstall;
&serveradmin;
&repositoryconf;
&webinterface;
&serql-usermanual;
&api;
&communication;
&faq;
&license;

</book>
