<section>
	<title>Communicating over HTTP</title>

	<para>
		In this section, the URL <symbol>http://HOSTNAME/SESAME_DIR/</symbol>
		is used quite often. This URL is meant to indicate the location where
		Sesame is installed. <symbol>HOSTNAME</symbol> should be replaced by the
		name of the machine that is running Sesame. <symbol>SESAME_DIR</symbol>
		should be replaced by the directory where Sesame is installed (an empty
		string if Sesame is installed at the server's root directory).
	</para>
	<para>
		To communicate with our public demo server, <symbol>HOSTNAME</symbol>
		should be replaced by <userinput>www.openrdf.org</userinput>
		and <symbol>SESAME_DIR</symbol> should be replaced by
		<userinput>sesame</userinput>. This yields
		<userinput>http://www.openrdf.org/sesame/</userinput> as the
		location for the public demo server.
	</para>
	<para>
		Sesame makes extensive use of <literal>multipart/form-data</literal>
		encoded HTTP-POST requests. The reason for this is that both HTTP-GET
		and <literal>x-www-form-url-encoded</literal> HTTP-POST requests can not
		properly handle non-ASCII characters. The <literal>%xx</literal> escape
		sequences used by this encoding is not able to represent byte
		values larger than 255.
	</para>
	<para>
		All requests described below use <literal>multipart/form-data</literal>
		encoded HTTP-POST requests, unless specified otherwise. All string
		values are assumed to be encoded in UTF-8. Sesame switched to using this
		communication style in version 1.1-RC2. For now, the server will also be
		able to handle the previously used <literal>x-www-form-url-encoded</literal>
		requests to facilitate the transition of all third-party tools.
	</para>

	<section>
		<title>Logging in</title>

		<section>
			<title>Request</title>

			<para>
				In order to get access to non-public repositories on a Sesame
				server, one needs to log in to it. To do this, a request should
				be sent to
				<userinput>http://HOSTNAME/SESAME_DIR/servlets/login</userinput>,
				supplying the following parameters:
			</para>
			<table>
				<title>Parameters for login</title>
				<tgroup cols="3" align="left">
				<thead>
					<row>
						<entry>Parameter</entry>
						<entry>Required?</entry>
						<entry>Description</entry>
					</row>
				</thead>
				<tbody>
					<row>
						<entry><parameter>user</parameter></entry>
						<entry>yes</entry>
						<entry>The user's login name.</entry>
					</row>
					<row>
						<entry><parameter>password</parameter></entry>
						<entry>no</entry>
						<entry>The user's password. The password is only required
						in case the concerning user has a non-empty password.</entry>
					</row>
				</tbody>
				</tgroup>
			</table>
		</section> <!-- Request -->

		<section>
			<title>Response</title>

			<para>
				If the log in attempt succeeded, Sesame will respond with
				HTTP-code 200 ("OK") and will supply a cookie with a session ID
				that should be supplied for authentication in subsequent
				requests. The name of this cookie is
				<parameter>sesame_sid</parameter>.
			</para>
		</section> <!-- Response -->

		<section>
			<title>Errors</title>

			<para>
				If an invalid request is sent (e.g. the username is missing or
				the password was incorrect) Sesame will respond with an HTTP
				error code and a free format error message.
			</para>
		</section> <!-- Errors -->
	</section> <!-- Logging in -->

	<section>
		<title>Logging out</title>

		<section>
			<title>Request</title>

			<para>
				To log out from a Sesame server, one needs to send a request to
				<userinput>http://HOSTNAME/SESAME_DIR/servlets/logout</userinput>,
				supplying a session ID cookie that has been received earlier
				while logging in. Duplicate log out requests or log out requests
				for non-existing sessions are silently ignored.
			</para>
		</section> <!-- Request -->

		<section>
			<title>Response</title>

			<para>
				Sesame will respond with HTTP-code 200 ("OK") and a free format
				text telling you that you have been logged out.
			</para>
		</section> <!-- Response -->
	</section> <!-- Logging out -->

	<section>
		<title>Requesting a list of available repositories</title>

		<section>
			<title>Request</title>

			<para>
				Information on available repositories can be acquired from
				Sesame by sending an HTTP-GET request to
				<userinput>http://HOSTNAME/SESAME_DIR/servlets/listRepositories</userinput>.
				This request requires no parameters, other than the optional
				session cookie.
			</para>
		</section> <!-- Request -->

		<section>
			<title>Response</title>

			<para>
				Sesame will respond with HTTP-code 200 ("OK"). The body of the
				response contains an XML-document describing the repositories
				available to the user that is currently logged in (if any). This
				XML-document will adhere to the following DTD:
			</para>
<screen><![CDATA[
<!ELEMENT repositorylist (repository)*>
<!ELEMENT repository     (title)>
<!ELEMENT title          (#PCDATA)>

<!ATTLIST repository
          id        ID           #REQUIRED
          readable  (true|false) #REQUIRED
          writeable (true|false) #REQUIRED>]]></screen>
			<para>
				The following is an example output with two repositories, one
				read-write and one read-only.
			</para>
<screen><![CDATA[
<?xml version="1.0" encoding="UTF-8"?>
<repositorylist>
    <repository id="repository1" readable="true" writeable="true">
        <title>Public repository</title>
    </repository>
    <repository id="repository2" readable="true" writeable="false">
        <title>Repository 2</title>
    </repository>
</repositorylist>]]></screen>
			<para>
				The value of the <parameter>id</parameter> attribute is the
				identifier of the repository. This identifier can be used in
				consecutive requests to Sesame to specify which repository that
				request is about.
			</para>
		</section> <!-- Response -->
	</section> <!-- Requesting a list of available repositories -->

	<section id="section-comm-http-table-queries" xreflabel="Evaluating a SeRQL-select, RQL or RDQL query">
		<title>Evaluating a SeRQL-select, RQL or RDQL query</title>

		<section>
			<title>Request</title>

			<para>
				SeRQL-select, RQL and RDQL queries are all queries that return,
				in some way or another, sets of variable bindings or table-like
				results. SeRQL-construct queries are a different type of queries
				that return free-form RDF documents. Details about SeRQL-construct
				queries can be found in
				<xref linkend="section-comm-http-graph-queries"/>.
			</para>
			<para>
				SeRQL-select, RQL and RDQL queries can be sent to 
				<userinput>http://HOSTNAME/SESAME_DIR/servlets/evaluateTableQuery</userinput>.
				The <literal>multipart/form-data</literal> encoded HTTP-POST method
				is the preferred method. HTTP-GET is also supported but can only
				be used if all parameter values consists of ASCII characters only.
				All requests can or must include the following parameters:
			</para>
			<table>
				<title>
					Parameters for evaluateTableQuery
				</title>
				<tgroup cols="3" align="left">
				<thead>
					<row>
						<entry>Parameter</entry>
						<entry>Required?</entry>
						<entry>Description</entry>
					</row>
				</thead>
				<tbody>
					<row>
						<entry><parameter>repository</parameter></entry>
						<entry>yes</entry>
						<entry>The id of the repository to evaluate the query
						on.</entry>
					</row>
					<row>
						<entry><parameter>query</parameter></entry>
						<entry>yes</entry>
						<entry>The query to evaluate.</entry>
					</row>
					<row>
						<entry><parameter>queryLanguage</parameter></entry>
						<entry>yes</entry>
						<entry>The query's language. Legal values are
						<constant>SeRQL</constant>, <constant>RQL</constant> and
						<constant>RDQL</constant>.</entry>
					</row>
					<row>
						<entry><parameter>resultFormat</parameter></entry>
						<entry>no</entry>
						<entry>Determines the format of the result. Legal values are
							<constant>xml</constant> (the default value) for an
							XML-representation of the query result,
							<constant>html</constant> for a human-readable HTML-table
							presentation and <constant>rdf</constant> for an
							RDF-representation of the variable bindings.</entry>
					</row>
					<row>
						<entry><parameter>serialization</parameter></entry>
						<entry>no</entry>
						<entry>The serialization to use when <constant>rdf</constant>
							is choosen as the <parameter>resultFormat</parameter>. Legal
							values are <constant>rdfxml</constant> (the default value),
							<constant>ntriples</constant> and <constant>turtle</constant>.
						</entry>
					</row>
				</tbody>
				</tgroup>
			</table>
		</section> <!-- Request -->

		<section>
			<title>Response</title>

			<para>
				If all went well, Sesame responds with HTTP-code 200 ("OK") and the
				results of the query evaluation. The <parameter>resultFormat</parameter>
				and <parameter>serialization</parameter> parameters determine the format
				of the results and the <parameter>Content-Type</parameter> header of the
				response:
			</para>
			<table>
				<title>Response formats for SeRQL-select, RQL and RDQL queries
				</title>
				<tgroup cols="4" align="left">
				<thead>
					<row>
						<entry>resultFormat</entry>
						<entry>serialization</entry>
						<entry>Content-type</entry>
						<entry>Result</entry>
						<entry>Comments</entry>
					</row>
				</thead>
				<tbody>
					<row>
						<entry><constant>xml</constant></entry>
						<entry>-</entry>
						<entry>text/xml</entry>
						<entry>An XML representation of the results table.</entry>
						<entry>This is the default format and is the best format
							for processing by other applications.</entry>
					</row>
					<row>
						<entry><constant>html</constant></entry>
						<entry>-</entry>
						<entry>text/html</entry>
						<entry>An HTML document</entry>
						<entry>The results are formatted in a human-readable (when
							displayed in a browser) HTML-table. This format should only
							be used by the Sesame web interface.</entry>
					</row>
					<row>
						<entry><constant>rdf</constant></entry>
						<entry>rdfxml</entry>
						<entry>application/rdf+xml</entry>
						<entry>An XML-encoded RDF document</entry>
						<entry>The result is an RDF document containing sets of variable
							bindings. This is an experimental format from Andy Seaborne
							and may be modified in the future. See
							<ulink url="http://www.w3.org/2003/03/rdfqr-tests/recording-query-results.html"/>
							for details.</entry>
					</row>
					<row>
						<entry><constant>rdf</constant></entry>
						<entry>ntriples</entry>
						<entry>text/plain</entry>
						<entry>An N-Triples-encoded RDF document</entry>
						<entry>The result is identical to the previous one, but
							uses another encoding: N-Triples. See
							<ulink url="http://www.w3.org/TR/rdf-testcases/#ntriples"/>
							for more information about N-Triples.</entry>
					</row>
					<row>
						<entry><constant>rdf</constant></entry>
						<entry>turtle</entry>
						<entry>application/x-turtle</entry>
						<entry>A Turtle-encoded RDF document</entry>
						<entry>The result is identical to the previous two, but
							uses yet another encoding: Turtle (Terse RDF Triple Language). See
							<ulink url="http://www.ilrt.bris.ac.uk/discovery/2004/01/turtle/"/>
							for more information about Turtle.</entry>
					</row>
				</tbody>
				</tgroup>
			</table>
			<para>
				If the selected result format is <constant>xml</constant>,
				the output will look something like this:
			</para>
<screen><![CDATA[
<?xml version="1.0" encoding="UTF-8"?>
<tableQueryResult>
  <header>
    <columnName>X</columnName>
    <columnName>Y</columnName>
  </header>
  <tuple>
    <uri>http://www.foo.com/schema.rdf#change</uri>
    <literal>Change</literal>
  </tuple>
  <tuple>
    <bNode>node001</bNode>
    <literal datatype="http://www.w3.org/2001/XMLSchema#int">256</literal>
  </tuple>
</tableQueryResult>]]></screen>
			<para>
				The document starts with a header listing the names of all result
				columns. The names of these columns often represent variable names,
				but this is not guaranteed. Some query languages also allow you to
				use constants or functions in a query's projection. In that case,
				the name of the column will be the constant and the function,
				respectively.
			</para>
			<para>
				Following the header, zero or more <symbol>tuple</symbol>-elements
				will follow, one for each query result (or row in the table). Each
				result consists of a sequence of URIs, bNodes (blank nodes, also know
				as anonymous nodes), and/or literals. The values appear in the order
				in which they were specified in the query, which is the same as the
				order in the header.
			</para>
			<para>
				The example output above shows how URIs, bNodes and literals (with
				their optional language encoding or datatype) are exported. Next to
				these three, there is a fourth type of value that is only exported
				by the RQL engine: intersections of classes. If a query asks for a
				domain or range of a property, then this domain or range can consist
				of the intersection of zero or more classes. These intersections are
				exported in <symbol>intersection</symbol> elements containing zero or
				more URIs and bNodes:
			</para>
<screen><![CDATA[
<?xml version="1.0" encoding="UTF-8"?>
<tableQueryResult>
  <tuple>
    <uri>http://www.icom.com/schema1.rdf#creates</uri>
    <intersection>
      <uri>http://www.icom.com/schema1.rdf#Artifact</uri>
      <uri>http://www.schemas.org/general#Stuff</uri>
    </intersection>
  </tuple>
</tableQueryResult>]]></screen>
			<para>
				When a property doesn't have any range restrictions, its range
				will be an empty <symbol>intersection</symbol> element. Domains
				or ranges that consist of <emphasis>exactly one</emphasis> class
				are exported as normal resources (see first example), and not as
				intersections.
			</para>
		</section> <!-- Response -->

		<section>
			<title>Errors</title>
			<para>
				If an error occurred while the request was being processed,
				Sesame will send back an HTTP error code (i.e. not 200) and a
				free format error message.
			</para>
		</section> <!-- Errors -->
	</section> <!-- Evaluating a SeRQL-select, RQL or RDQL query -->

	<section id="section-comm-http-graph-queries" xreflabel="Evaluating a SeRQL-construct query">
		<title>Evaluating a SeRQL-construct query</title>

		<section>
			<title>Request</title>

			<para>
				SeRQL-construct queries can be sent to 
				<userinput>http://HOSTNAME/SESAME_DIR/servlets/evaluateGraphQuery</userinput>.
				The <literal>multipart/form-data</literal> encoded HTTP-POST method
				is the preferred method. HTTP-GET is also supported but can only
				be used if all parameter values consists of ASCII characters only.
				All requests can or must include the following parameters:
			</para>
			<table>
				<title>Parameters for evaluateGraphQuery</title>
				<tgroup cols="3" align="left">
				<thead>
					<row>
						<entry>Parameter</entry>
						<entry>Required?</entry>
						<entry>Description</entry>
					</row>
				</thead>
				<tbody>
					<row>
						<entry><parameter>repository</parameter></entry>
						<entry>yes</entry>
						<entry>The id of the repository to evaluate the query on.</entry>
					</row>
					<row>
						<entry><parameter>query</parameter></entry>
						<entry>yes</entry>
						<entry>The query to evaluate.</entry>
					</row>
					<row>
						<entry><parameter>queryLanguage</parameter></entry>
						<entry>yes</entry>
						<entry>The query's language. Currently, the only legal
							value is <constant>SeRQL</constant>.</entry>
					</row>
					<row>
						<entry><parameter>serialization</parameter></entry>
						<entry>no</entry>
						<entry>Determines the serialization format of the returned
							RDF document. Legal values are <constant>rdfxml</constant>
							(the default value), <constant>ntriples</constant> and
							<constant>turtle</constant>.</entry>
					</row>
				</tbody>
				</tgroup>
			</table>
		</section> <!-- Request -->

		<section>
			<title>Response</title>

			<para>
				If all went well, Sesame responds with HTTP-code 200 (i.e. "OK") and the
				results of the query evaluation. The <parameter>serialization</parameter>
				parameter determines the encoding of the returned RDF document and the
				<parameter>Content-Type</parameter> header of the response:
			</para>
			<table id="table-rdf-encodings">
				<title>RDF encodings for SeRQL-construct queries</title>
				<tgroup cols="4" align="left">
				<thead>
					<row>
						<entry>Serialization</entry>
						<entry>Content-type</entry>
						<entry>RDF encoding</entry>
						<entry>Comments</entry>
					</row>
				</thead>
				<tbody>
					<row>
						<entry><constant>rdfxml</constant></entry>
						<entry>application/rdf+xml</entry>
						<entry>XML-encoded RDF.</entry>
						<entry>This is the official standard format for exchanging RDF
							documents. See <ulink url="http://www.w3.org/RDF/"/> for
							more info.</entry>
					</row>
					<row>
						<entry><constant>ntriples</constant></entry>
						<entry>text/plain</entry>
						<entry>N-Triples</entry>
						<entry>This is a quite verbose, line-based encoding that
							is the easiest one to parse. See
							<ulink url="http://www.w3.org/TR/rdf-testcases/#ntriples"/>
							for more info.</entry>
					</row>
					<row>
						<entry><constant>turtle</constant></entry>
						<entry>application/x-turtle</entry>
						<entry>Turtle</entry>
						<entry>
							Turtle stands for Terse RDF Triple Language and is developed
							by Dave Beckett to combine useful features of N3 and
							N-Triples into an easy-to-read-and-parse serialization
							format. See <ulink
								url="http://www.ilrt.bris.ac.uk/discovery/2004/01/turtle/"/>
							for more info.
						</entry>
					</row>
				</tbody>
				</tgroup>
			</table>
			<para>
				What follows are three examples of one and the same RDF document (a possible
				query result) in different encodings.
			</para>
			<para>
				XML-encoded RDF:
			</para>
<screen><![CDATA[
<?xml version="1.0" encoding="UTF-8"?>
<rdf:RDF xml:lang="en" 
  xmlns:rdf="http://www.w3.org/1999/02/22-rdf-syntax-ns#"
  xmlns:cult="http://www.icom.com/schema.rdf#">

  <cult:Cubist rdf:about="http://www.european-history.com/picasso.html">
    <cult:paints>
      <cult:Painting rdf:about="http://www.european-history.com/jpg/guernica03.jpg">
        <cult:technique>oil on canvas</cult:technique>
      </cult:Painting>
    </cult:paints>
    <cult:first_name>Pablo</cult:first_name>
    <cult:last_name>Picasso</cult:last_name>
  </cult:Cubist>
</rdf:RDF>]]></screen>
			<para>
				N-Triples:
			</para>
<screen><![CDATA[
<http://www.european-history.com/picasso.html> <http://www.w3.org/1999/02/22-rdf-syntax-ns#type> <http://www.icom.com/schema.rdf#Cubist>.
<http://www.european-history.com/picasso.html> <http://www.icom.com/schema.rdf#paints> <http://www.european-history.com/jpg/guernica03.jpg>.
<http://www.european-history.com/jpg/guernica03.jpg> <http://www.w3.org/1999/02/22-rdf-syntax#type> <http://www.icom.com/schema.rdf#Painting>.
<http://www.european-history.com/jpg/guernica03.jpg> <http://www.icom.com/schema.rdf#technique> "oil on canvas"@en.
<http://www.european-history.com/picasso.html> <http://www.icom.com/schema.rdf#first_name> "Pablo"@en.
<http://www.european-history.com/picasso.html> <http://www.icom.com/schema.rdf#last_name> "Picasso"@en.]]></screen>
			<para>
				Turtle:
			</para>
<screen><![CDATA[
@prefix cult: <http://www.icom.com/schema.rdf#> .
@prefix rdf: <http://www.w3.org/1999/02/22-rdf-syntax-ns#> .

<http://www.european-history.com/jpg/guernica03.jpg> a cult:Painting ;
    cult:technique "oil on canvas"@en .
<http://www.european-history.com/picasso.html> a cult:Cubist ;
    cult:paints <http://www.european-history.com/jpg/guernica03.jpg> ;
    cult:first_name "Pablo"@en ;
    cult:last_name "Picasso"@en .]]></screen>
		</section> <!-- Response -->

		<section>
			<title>Errors</title>
			<para>
				If an error occurred while the request was being processed,
				Sesame will send back an HTTP error code (i.e. not 200) and a
				free format error message.
			</para>
		</section> <!-- Errors -->
	</section> <!-- Evaluating a SeRQL-constant query -->

	<section>
		<title>Extracting RDF from a repository</title>

		<section>
			<title>Request</title>

			<para>
				Ontologies and data can be extracted from Sesame by sending a request to
				<userinput>http://HOSTNAME/SESAME_DIR/servlets/extractRDF</userinput>.
				This operation supports both <literal>multipart/form-data</literal>
				encoded HTTP-POST requests as well as HTTP-GET requests. Note that the
				latter can not be used when one of the parameter values contains
				non-ASCII characters.
			</para>
			<para>
				The request must or can have the following parameters:
			</para>

			<table>
				<title>Parameters for extractRDF</title>
				<tgroup cols="3" align="left">
				<thead>
					<row>
						<entry>Parameter</entry>
						<entry>Required?</entry>
						<entry>Description</entry>
					</row>
				</thead>
				<tbody>
					<row>
						<entry><parameter>repository</parameter></entry>
						<entry>yes</entry>
						<entry>The id of the repository to extract the data from.</entry>
					</row>
					<row>
						<entry><parameter>schema</parameter></entry>
						<entry>no</entry>
						<entry>RdfExport will export the schematical data if the value of
							this parameter is <constant>on</constant>. The schematical data
							will not be exported if this parameter is missing or if it has
							any other value.</entry>
					</row>
					<row>
						<entry><parameter>data</parameter></entry>
						<entry>no</entry>
						<entry>RdfExport will export the non-ontological data if the value
							of this parameter is <constant>on</constant>. This data will
							not be exported if this parameter is missing or if it has any
							other value.</entry>
					</row>
					<row>
						<entry><parameter>explicitOnly</parameter></entry>
						<entry>no</entry>
						<entry>RdfExport will only export the explicitly added statements
							if the value of this parameter is <constant>on</constant>. If
							this parameter is missing or if it has any other value, all
							relevant statements (both explicit and inferred) will be
							exported.</entry>
					</row>
					<row>
						<entry><parameter>niceOutput</parameter></entry>
						<entry>no</entry>
						<entry>RdfExport will invest extra effort into making the exported
							data more readable to humans (e.g. by sorting statements by their
							subject) if the value of this parameter is <constant>on</constant>.
							If this parameter is missing or if it has any other value, no such
							effort is made, allowing RdfExport to export the data as efficiently
							as possible.</entry>
					</row>
					<row>
						<entry><parameter>serialization</parameter></entry>
						<entry>no</entry>
						<entry>Determines the serialization of the resulting RDF document. Legal
							values are <constant>rdfxml</constant> (the default value),
							<constant>ntriples</constant> and <constant>turtle</constant>.</entry>
					</row>
				</tbody>
				</tgroup>
			</table>

			<para>
				So, to extract the ontological data only (both explicit and inferred) from a
				repository <userinput>test-db</userinput> on host
				<userinput>www.openrdf.org</userinput> you can send an HTTP-GET request
				to the url
				<userinput>http://www.openrdf.org/sesame/servlets/extractRDF?repository=test-db&amp;serialization=rdfxml&amp;onto=on</userinput>.
			</para>
		</section> <!-- Request -->

		<section>
			<title>Response</title>

			<para>
				If all went well, Sesame responds with HTTP-code 200 ("OK"). The body of the
				response contains the requested data. The <parameter>serialization</parameter>
				parameter determines the encoding and the <parameter>Content-Type</parameter>
				header of the response identically to what is described in
				<xref linkend="table-rdf-encodings"/>.
			</para>
		</section> <!-- Response -->

		<section>
			<title>Errors</title>

			<para>
				If an invalid request is sent (e.g. the repository does not exist) Sesame
				will respond with an HTTP error code and a free format error message.
			</para>
		</section> <!-- Errors -->
	</section> <!-- Extracting RDF from a repository -->

	<section id="section-comm-http-upload-data" xreflabel="Uploading data to a repository">
		<title>Uploading data to a repository</title>

		<section>
			<title>Request</title>

			<para>
				Data can be uploaded to Sesame by sending it to
				<userinput>http://HOSTNAME/SESAME_DIR/servlets/uploadData</userinput>,
				supplying the following parameters:
			</para>

			<table>
				<title>Parameters for uploadData</title>
				<tgroup cols="3" align="left">
				<thead>
					<row>
						<entry>Parameter</entry>
						<entry>Required?</entry>
						<entry>Description</entry>
					</row>
				</thead>
				<tbody>
					<row>
						<entry><parameter>repository</parameter></entry>
						<entry>yes</entry>
						<entry>The id of the repository to which to add the data.</entry>
					</row>
					<row>
						<entry><parameter>data</parameter></entry>
						<entry>yes</entry>
						<entry>The RDF data that should be added to the repository. The
							format of the data should match the value of the
							<parameter>dataFormat</parameter> parameter.</entry>
					</row>
					<row>
						<entry><parameter>dataFormat</parameter></entry>
						<entry>no</entry>
						<entry>The format of the data that is uploaded to Sesame. Legal
							values are <constant>rdfxml</constant> (the default value),
							<constant>ntriples</constant> and <constant>turtle</constant>.
						</entry>
					</row>
					<row>
						<entry><parameter>baseURI</parameter></entry>
						<entry>no</entry>
						<entry>Specifies the base URI of the data for resolving any relative
							URIs. This parameter defaults to <constant>foo:bar</constant>,
							which is fine if the uploaded data does not contain any relative
							URIs.</entry>
					</row>
					<row>
						<entry><parameter>verifyData</parameter></entry>
						<entry>no</entry>
						<entry>The uploaded data will be verified before it is
						actually added to a repository if the value of this
						parameter is <constant>on</constant>. If this parameter
						is missing or if it has any other value, the data will
						be added directly to the repository. Verification of the
						data should only be disabled if the data to upload is
						guaranteed to be correct.</entry>
					</row>
					<row>
						<entry><parameter>resultFormat</parameter></entry>
						<entry>no</entry>
						<entry>Determines the response format. Legal values are
							<constant>xml</constant> (the default value) and
							<constant>html</constant>.</entry>
					</row>
				</tbody>
				</tgroup>
			</table>
		</section> <!-- Request -->

		<section id="section-comm-http-upload-data-response" xreflabel="Data upload response format">
			<title>Response</title>
			<para>
				The response is always an HTTP-code 200 ("OK"). Streaming
				feedback is given on the progress, and warnings and errors are
				given if the data contains errors. If the selected format was
				<constant>html</constant>, then this feedback will be formatted
				in human-readable HTML (when displayed in a browser). If the
				selected format was <constant>xml</constant>, then the feedback
				will adhere to the following DTD:
			</para>

<screen><![CDATA[
<!ELEMENT transaction   (status | notification | warning | error)*>
<!ELEMENT status        (msg, line?, column?)>
<!ELEMENT notification  (msg, line?, column?, statement?)>
<!ELEMENT warning       (msg, line?, column?, statement?)>
<!ELEMENT error         (msg, line?, column?, statement?)>

<!ELEMENT msg           (#PCDATA)>
<!ELEMENT line          (#PCDATA)>
<!ELEMENT column        (#PCDATA)>

<!ELEMENT statement     ( (uri|bNode), uri, (uri|bNode|literal) )>
<!ELEMENT uri           (#PCDATA)>
<!ELEMENT bNode         (#PCDATA)>
<!ELEMENT literal       (#PCDATA)>
<!ATTLIST literal
      xml:lang CDATA #IMPLIED
      datatype CDATA #IMPLIED>]]></screen>

			<para>
				The following is a simple example of what the feedback might
				look like when incorrect data is uploaded to Sesame:
			</para>

<screen><![CDATA[
<?xml version="1.0" encoding="UTF-8"?>
<transaction>
    <status>
        <msg>Loading data</msg>
    </status>
    <status>
        <msg>Data loaded (756 bytes)</msg>
    </status>
    <status>
        <msg>Checking data for errors</msg>
    </status>
    <error>
      <msg>Not a legal integer: Hello World!</msg>
        <line>483</line>
        <column>42</column>
        <statement>
            <bNode>node1234</bNode>
            <uri>http://example.org/schema.rdf#age</uri>
            <literal datatype="http://www.w3.org/2001/XMLSchema#int">Hello World!</literal>
        </statement>
    </error>
</transaction>]]></screen>
		</section> <!-- Response -->

		<section>
			<title>Errors</title>
			<para>
				Errors in the requests are signaled using HTTP error codes.
				Errors in the data are expressed in the streaming feedback.
			</para>
		</section> <!-- Errors -->
	</section> <!-- Uploading data to a repository -->

	<section>
		<title>Adding data from the web to a repository</title>

		<section>
			<title>Request</title>

			<para>
				Data can also be added to a repository by specifying a URL that points
				to the RDF data that should be added. To do this, send an HTTP-POST
				request to
				<userinput>http://HOSTNAME/SESAME_DIR/servlets/uploadURL</userinput>,
				supplying the following parameters:
			</para>

			<table>
				<title>Parameters for uploadData</title>
				<tgroup cols="3" align="left">
				<thead>
					<row>
						<entry>Parameter</entry>
						<entry>Required?</entry>
						<entry>Description</entry>
					</row>
				</thead>
				<tbody>
					<row>
						<entry><parameter>repository</parameter></entry>
						<entry>yes</entry>
						<entry>The id of the repository to which to add the data.</entry>
					</row>
					<row>
						<entry><parameter>url</parameter></entry>
						<entry>yes</entry>
						<entry>A URL pointing at the RDF data that should be added to
							the repository. The format of the data at the specified
							location should match the value of the
							<parameter>dataFormat</parameter> parameter.</entry>
					</row>
					<row>
						<entry><parameter>dataFormat</parameter></entry>
						<entry>no</entry>
						<entry>The format of the data that is at the specified URL.
							Legal values are <constant>rdfxml</constant> (the default
							value), <constant>ntriples</constant> and
							<constant>turtle</constant>.</entry>
					</row>
					<row>
						<entry><parameter>baseURI</parameter></entry>
						<entry>no</entry>
						<entry>Specifies the base URI of the data for resolving any
							relative URIs. This parameter defaults to the value of
							<parameter>url</parameter>.</entry>
					</row>
					<row>
						<entry><parameter>verifyData</parameter></entry>
						<entry>no</entry>
						<entry>The data at the specified URL will be verified before
							it is actually added to a repository if the value of this
							parameter is <constant>on</constant>. If this parameter
							is missing or if it has any other value, the data will
							be added directly to the repository. Verification of the
							data should only be disabled if the data to upload is
							guaranteed to be correct.</entry>
					</row>
					<row>
						<entry><parameter>resultFormat</parameter></entry>
						<entry>no</entry>
						<entry>Determines the response format. Legal values are
							<constant>xml</constant> (the default value) and
							<constant>html</constant>.</entry>
					</row>
				</tbody>
				</tgroup>
			</table>
		</section> <!-- Request -->

		<section>
			<title>Response</title>
			<para>
				The response format is identical to what is described in
				<xref linkend="section-comm-http-upload-data-response"/>.
			</para>
		</section> <!-- Response -->

		<section>
			<title>Errors</title>
			<para>
				Errors in the requests are signaled using HTTP error codes.
				Errors in the data are expressed in the streaming feedback.
			</para>
		</section> <!-- Errors -->
	</section> <!-- Adding data from the web to a repository -->

	<section>
		<title>Clearing a repository</title>
	
		<section>
			<title>Request</title>
			<para>
				Data can be removed from Sesame by sending a request to
				<userinput>http://HOSTNAME/SESAME_DIR/servlets/clearRepository</userinput>.
				The following parameters are relevant to clearing a repository:
			</para>
			<table>
				<title>Parameters for clearRepository</title>
				<tgroup cols="3" align="left">
				<thead>
					<row>
						<entry>Parameter</entry>
						<entry>Required?</entry>
						<entry>Description</entry>
					</row>
				</thead>
				<tbody>
					<row>
						<entry><parameter>repository</parameter></entry>
						<entry>yes</entry>
						<entry>The id of the repository that should be cleared.</entry>
					</row>
					<row>
						<entry><parameter>resultFormat</parameter></entry>
						<entry>no</entry>
						<entry>Determines the response format. Legal values are
							<constant>xml</constant> (the default value) and
							<constant>html</constant>.</entry>
					</row>
				</tbody>
				</tgroup>
			</table>
		</section> <!-- Request -->
	
		<section>
			<title>Response</title>
			<para>
				Identical to the reponse when adding data to a repository. See
				See <xref linkend="section-comm-http-upload-data-response"/>.
				for more information.
			</para>
		</section> <!-- Response -->
	
		<section>
			<title>Errors</title>
			<para>
				Errors in the requests are signaled using HTTP error codes.
				Errors that occured while clearing the repository are expressed
				in the streaming feedback.
			</para>
		</section> <!-- Errors -->
	</section> <!-- Clearing a repository -->

	<section>
		<title>Removing statements</title>
	
		<section>
			<title>Request</title>
			<para>
				Data can be removed from Sesame by sending a requests to
				<userinput>http://HOSTNAME/SESAME_DIR/servlets/removeStatements</userinput>.
				Currently, Sesame only support removing of statements using
				statement patterns: one can specify a subject, predicate and/or
				object and all statements that match that pattern will be
				removed. The following parameters are relevant to the removal of
				statements:
			</para>
			<table>
				<title>Parameters for removeStatements</title>
				<tgroup cols="3" align="left">
				<thead>
					<row>
						<entry>Parameter</entry>
						<entry>Required?</entry>
						<entry>Description</entry>
					</row>
				</thead>
				<tbody>
					<row>
						<entry><parameter>repository</parameter></entry>
						<entry>yes</entry>
						<entry>The id of the repository from which the
						statements should be removed.</entry>
					</row>
					<row>
						<entry><parameter>subject</parameter></entry>
						<entry>no</entry>
						<entry>An N-Triples encoded URI or bNode specifying the subject
							of the statements that should be removed. If not specified,
							statements with any subject will be removed.</entry>
					</row>
					<row>
						<entry><parameter>predicate</parameter></entry>
						<entry>no</entry>
						<entry>An N-Triples encoded URI specifying the predicate of the
							statements that should be removed. If not specified,
							statements with any predicate will be removed.</entry>
					</row>
					<row>
						<entry><parameter>object</parameter></entry>
						<entry>no</entry>
						<entry>An N-Triples encoded URI, bNode or literal specifying
							the object of the statements that should be removed. If not
							specified, statements with any object will be removed.</entry>
					</row>
					<row>
						<entry><parameter>resultFormat</parameter></entry>
						<entry>no</entry>
						<entry>Determines the result format. Legal values are
							<constant>xml</constant> (the default value) and
							<constant>html</constant>.</entry>
					</row>
				</tbody>
				</tgroup>
			</table>
		</section> <!-- Request -->
	
		<section>
			<title>Response</title>
			<para>
				Identical to the reponse when adding data to a repository. See
				<xref linkend="section-comm-http-upload-data-response"/>
				for more information.
			</para>
		</section> <!-- Response -->
	
		<section>
			<title>Errors</title>
			<para>
				Errors in the requests are signaled using HTTP error codes.
				Errors that occured while removing statements from the repository
				are expressed in the streaming feedback.
			</para>
		</section> <!-- Errors -->
	</section> <!-- Removing statements -->

</section> <!-- Communicating over HTTP -->
