<chapter id="chapter-faq">
	<title>Frequently Asked Questions</title>

	<section>
		<title>General Questions</title>
		<section>
			<title>I've got a Sesame-related question, where can I get an answer?</title>
			<para>
				First of all, please make sure that your question is not already
				answered in this user guide. If it isn't, then feel free to post
				your question on the
				<ulink url="http://www.openrdf.org/forum">openRDF.org forum</ulink>.
				To avoid off-topic discussions (a.k.a. "spam"), you'll have to
				register yourself before you can post to the forum. Also, we don't
				like to talk to "anonymous" all the time.
			</para>
			<para>
				Please <emphasis>don't</emphasis> send any questions to the
				developers directly, unless the question is related to the public
				server or is somewhat confidential.
			</para>
		</section>

		<section>
			<title>Something goes wrong when I use Sesame, what do I do?</title>
			<para>
				In general, when something does not work as expected in Sesame, or
				you get an error, try and find the cause of the error before reporting it
				to us. See if the error message tells you anything. Check the Sesame log files
				in <filename>[SESAME_DIR]/WEB-INF/logs</filename> for any clues about what went wrong.
			</para>
			<para>
				Also, check the documentation and forum to see if your problem is described there somewhere.
				In <xref linkend="section-technical"/> we provide a number of possible causes 
				and solutions to regularly-occurring problems. On the forum, we answer user problems, your
				problem might have come up before, and our answer to that other person might be 
				useful for you as well.
			</para>
			<para>
				If you can't find any relevant information for your problem anywhere, feel free
				to report a bug or post a comment on the forum.
			</para>
		</section>

		<section>
			<title>How do I report a bug?</title>
			<para>
				If you have found a bug in Sesame then you can log it directly
				in the <ulink url="http://www.openrdf.org/issues">issue tracker</ulink>.
				Please make sure that the bug is not a duplicate of an already logged
				issue. If you are not sure that your problem is caused by a bug in
				Sesame then feel free to post a description of your problem on the
				<ulink url="http://www.openrdf.org/forum">forum</ulink>.
			</para>
			<para>
				When posting a bug report to either issue tracker or forum, always make
				sure to include detailed information: in what circumstances does the bug
				occur, what version of Sesame are you using, what type of repository (RDBMS, in-memory,
				inferencing, etc.) are you using, and if available provide an exception
				stacktrace.
			</para>
		</section>

		<section>
			<title>Why doesn't Sesame support $FEATURE?</title>
			<para>
				Sesame is used by a diverse group of people for very different purposes,
				who all demand different features to be implemented in Sesame. Since there are only
				24 hours in a day, we can not please everybody all the time. Instead,
				we try to assess as best we can which features are most important for the largest
				part of Sesame's user base. Also, we give priority to features that we need
				for our own work with Sesame.
			</para>
			<para>
				So, if Sesame doesn't support a particular feature, but this feature 'should be in any self-respecting
				RDF framework', chances are that we simply haven't had time for it yet. Try and see
				if the feature has come up on Sesame's issue tracker or web forum. If it
				hasn't, don't be shy to raise the issue. If you've come up with something you'd 
				really like to see included in Sesame, we'd like to know about it.
			</para>
		</section> 
		<section>
			<title>I need $FEATURE right now!</title>
			<para>
				There is a number of ways you can make sure a particular feature is added to Sesame:
			</para>
			<itemizedlist>
				<listitem>You can let us know of your need, explaining why it is crucial, through the web forum
					or issue tracker (by adding a new item or by voting for an existing issue). Of course, there
					is no guarantee that we will immediately move it to the top of our ToDo pile.
				</listitem>
				<listitem>You can implement it yourself. Yes, that's right: Sesame is open source, and we thrive
					on community feedback, not just in the form of comments and bug reports, but also of code contributions.
					If you need some feature or improvement real bad, consider implementing it yourself and sharing
					the result with the rest of the Sesame community. We'd be overjoyed to receive your contribution
					and include it in Sesame.
				</listitem>
				<listitem>You can pay Aduna to implement it for you. Aduna offers commercial support contracts for Sesame, 
					and if special features are something you need, we can provide that as part of such support. Contact info@aduna-software.com
					for detailed information.
				</listitem>
			</itemizedlist>
		</section>
		<section>
			<title>Can you keep me informed of any Sesame-related news?</title>
			<para>
				Sesame-related news items, such as release announcements, are sent to the sesame-interest
				mailing list, which is hosted by SourceForge. Please
				<ulink url="http://lists.sourceforge.net/lists/listinfo/sesame-interest">subscribe</ulink>
				yourself to the mailing list if you want to be kept informed. Please
				note that this is a restricted mailing list: it can not be used for
				discussing Sesame-related issues.
			</para>
			<para>
				If you want to keep up-to-date on Sesame developments in more detail, consider joining
				the web forum. The forum also provides an RSS feed that will provide you 
				with the most recent topics of discussion. Ideal for staying in touch with the community!
			</para>
		</section>

		<section>
			<title>Is this user guide the only documentation for Sesame?</title>
			<para>
				No, it isn't. The
				<ulink url="http://www.openrdf.org/">project's website</ulink>
				contains a number of references to research papers and
				Sesame-related projects.
			</para>
		</section>
	</section>
	<section id="section-technical">
		<title>Troubleshooting</title>
		<para>
			In this section, we identify some commonly encountered problems with
			the installation, configuration and use of Sesame, and possible
			solutions.
		</para>
		<para>
			Of course, not all possible problems can be found here. If you have a
			problem that is not described here, you can get feedback on how to
			deal with it by posting a message to the <ulink
				url="http://www.openrdf.org/forum">openRDF.org forum</ulink>.
			Include as many relevant details as possible, for example, which
			version of Sesame you are using, possible java exceptions, log error
			messages, and so forth.
		</para>

		<section>
			<title>I get a "HTTP error 500" message in the toolbar frame</title>
			<para>
				There are several possible reasons for this error. HTTP error 500 is
				a generic code that means 'Internal server error'. It often helps to
				try and scroll down in the toolbar frame (by selecting the text with
				the mouse), there will be more detailed error report further down.
			</para>
			<para>
				There are several possible problems:
			</para>
			<itemizedlist>
				<listitem>
					<para>The JDBC driver can not be found</para>
					<para>This means that you have tried to access an RDBMS-based
						repository for which no JDBC driver is installed. Make sure that
						you have the correct JDBC driver, and have it installed in
						<filename>[SESAME_DIR]/WEB-INF/lib</filename>.
					</para>
				</listitem>
				<listitem>
					<para>The database does not exist</para>
					<para>
						This means that you have tried to access a repository for which
						no database was created. Verify in your repository configuration
						that the parameter <parameter>jdbcUrl</parameter> is set
						correctly, and verify that the database is created and
						accessible for Sesame (for details on how to do this, we refer
						you to the documentation of your RDBMS).
					</para>
				</listitem>
				<listitem>
					<para>Access denied for user 'sesame'@'localhost'</para>
					<para>This means that the the supplied MySQL user ('sesame')
						does not have sufficient access rights.
					</para>
					<para>
						Sesame will need a user account on the MySQL server. You can
						create a new user account in MySQL by connecting to the
						mysql database <command>mysql -u root -p mysql</command>,
						and by granting the user all privileges on the concerning
						database(s), e.g.:
						<screen><![CDATA[GRANT ALL ON <DATABASE>.* TO <USER>@localhost;]]></screen>
						See <ulink url="http://www.mysql.com/doc/G/R/GRANT.html"/>
						for MySQL's syntax of GRANT. 
					</para>
				</listitem>
			</itemizedlist>
			<para>
				Other less common problems may also cause this error. In general,
				take a good look at the detailed error message or the repository log
				file (in
				<filename>[SESAME_DIR]/WEB-INF/logs/repositories/</filename>) to
				find out the cause of the problem. 
			</para>
		</section>

		<section>
			<title>I get a "HTTP error 500" message in the main frame</title>
			<para>
				After upgrading a Sesame server to a new version of Sesame, it may
				occur that the web interface fails with a HTTP error 500 and an
				error report similar to the following:
			</para>
			<screen><![CDATA[
javax.servlet.ServletException: org.openrdf.sesame.server.SesameServer.getLocalService()
Lorg/openrdf/sesame/local/LocalService;
(....)

root cause

java.lang.NoSuchMethodError: org.openrdf.sesame.server.SesameServer.getLocalService()
Lorg/openrdf/sesame/local/LocalService;
org.apache.jsp.index_jsp._jspService(index_jsp.java:77)
(....)]]></screen>
			<para>
				The <emphasis>root cause</emphasis> here indicates that the JSP page
				is not correctly compiled: it can not find a particular Java method.
			</para>
			<para>
				The cause is that Apache Tomcat sometimes fails to recompile JSP
				pages after they have been updated. The compiled JSP pages still
				refer to methods in the old version of Sesame, which may not be
				present anymore in your new version (this is most likely to occur
				when upgrading to 1.0 from an earlier release, since a lot of API
				changes were made for that version).
			</para>
			<para>
				The solution is to empty Tomcat's JSP compile cache. For Tomcat 4
				this cache can be found in
				<filename>[TOMCAT_DIR]\work\Standalone\localhost\sesame</filename>,
				for Tomcat 5 in
				<filename>[TOMCAT_DIR]\work\Catalina\localhost\sesame</filename>.
				Simply delete all files and folders contained in this directory and
				re-load the web interface.
			</para>
		</section>
		<section>
			<title>I get "error while adding new triples: Invalid byte 2 of 3-byte UTF-8 sequence"</title>
			<para>
				This is a parser error that can occur during upload of RDF/XML
				documents to Sesame. The most likely cause is that the document you
				are uploading specifies that it is in UTF-8 encoding, but that it
				contains non-UTF-8 characters. As UTF-8 is the default character
				set for XML, it might also be the case that the document does not
				specify a character set at all. 
			</para>
			<para>
				The solution is to change the encoding specification of the XML file
				to the appropriate type. For example, if the used character set is
				ISO-8859-1 (this is one of the most common character sets for
				"Western" documents), the header of the XML file should be changed to:
			</para>
			<screen><![CDATA[
<?xml version="1.0" encoding="iso-8859-1"?>]]></screen>
			<para>
				More information about character encodings can be found <ulink
					url="http://www.iana.org/assignments/character-sets">here</ulink>.
			</para>
		</section>

		<section>
			<title>I get a warning: "Unable to set namespace prefix 'foo' for namespace ..."</title>
			<para>
				This happens when you try to upload data to a repository which
				already contains a namespace declaration with the prefix 'foo', but
				which maps it to a different namespace URL. In such cases, a
				conflict occurs. Sesame handles these cases by assigning a
				non-conflicting namespace prefix to the namespace in the new
				document (for example, 'ns1').
			</para>
			<para>
				Most of the time, you can safely ignore this warning. Sometimes it
				indicates a problem with your RDF document: it may have a mistake in
				its namespace declarations. In such cases, examine the namespace
				declarations in your RDF document and fix any errors before
				attempting another upload.
			</para>
		</section>

		<section>
			<title>My in-memory repository is very slow and/or runs out of memory</title>
			<para>
				By default, Tomcat only uses a 64MB heap size for the Java process.
				When you are using a large in-memory repository, this can be too
				small: the process becomes slow because the garbage collector is
				invoked more often, and it can even run out of memory.
			</para>
			<para>
				The solution is to configure Tomcat to use a larger heap size. This
				can be done by editing
				<filename>[TOMCAT_DIR]/bin/catalina.bat</filename> (MS Windows) or
				<filename>catalina.sh</filename> (Unix systems). You can increase
				the heap size by adding a parameter to the environment variable
				JAVA_OPTS. The parameter to be added is '-Xmx128M' (where the number
				128 indicates that 128 Megabytes should be used. Increase as
				required). For <filename>catalina.bat</filename> there now should be
				a line in your file that looks like this:
			</para>
			<screen>set JAVA_OPTS=-Xmx128M</screen>
			<para>
				For <filename>catalina.sh</filename> the line should look like
				this:
			</para>
			<screen>JAVA_OPTS='-Xmx128M'</screen>
			<para>
				For more information on Tomcat memory reservation, see the
				<ulink url="http://jakarta.apache.org/tomcat/faq/memory.html">Tomcat FAQ</ulink>.
			</para>
		</section>

		<section>
			<title>On upload I get an error "java.lang.IllegalStateException: Post too large"</title>
			<para>
				Apache Tomcat by default sets a limit on the maximum size of HTTP
				POST requests it accepts. In Tomcat 5, this limit is set to 2 MB.
				When you try to upload RDF files larger than 2 MB to Sesame, this
				error can occur.
			</para>
			<para>
				The solution is to reconfigure Tomcat to accept larger POST
				requests, either by increasing the limit, or by disabling it. This
				can be done by editing
				<filename>[TOMCAT_DIR]/conf/server.xml</filename>. Set the Tomcat
				configuration parameter <parameter>maxPostSize</parameter> for the
				HTTPConnector to a larger value (in bytes) to increase the limit.
				Setting it to 0 in will disable the size check. See the
				<ulink url="http://jakarta.apache.org/tomcat/tomcat-5.0-doc/config/http.html">Tomcat
					Configuration Reference</ulink> for more information.
			</para>
		</section>
		<section>
			<title>Can not evaluate directSubClassOf on a non-inferencing repository</title>
			<para>
				When executing queries that use a SeRQL built-in operator, such as
				<symbol>directSubClassOf</symbol> (see
				<xref linkend="chapter-serql"/>), this error may occur:
			</para>
			<screen>
org.openrdf.sesame.query.QueryEvaluationException: 
Can not evaluate directSubClassOf on a non-inferencing repository	
			</screen>	
			<para>
				This indicates that the repository you are trying to evaluate this
				query on is an RDF repository, not an RDF Schema repository. The
				former does not have inferencing capabilities.
			</para>
			<para>
				SeRQL needs an inferencing repository for evaluating queries with
				built-in operators, because these operators work on the class
				hierarchy. Without inferencing support, the results of these
				operators would become random and unpredictable.
			</para>
			<para>
				The solution is to either reformulate your query, removing all use
				of SeRQL built-in operators, or create a new repository that does
				have inferencing capabilities (an
				<classname>RdfSchemaRepository</classname>), transfer your RDF
				data to it, and use this new repository for your queries.
			</para>
		</section>
	</section>
</chapter>
