<chapter id="chapter-repositoryconf"> 
	<title>Advanced repository configuration</title>
	<para>
		When setting up a repository in Sesame, you can make a number of
		choices: should the repository support versioning or security, or
		should it be as fast as possible? What database will it use, or will
		it be in-memory? 
	</para>
	<para>
		In this chapter, we look at several of these configuration options in
		more detail.
	</para>

	<section id="section-basic-setup">
		<title>Basic setup</title>
		<para>
			The setup for each Sesame repository is configured using 
			<filename>Configure Sesame!</filename>. As we have already seen in
			<xref linkend="chapter-serveradmin"/>, this configuration tool allows
			tweaking of numerous parameters, which we will discuss in more
			detail here. 
		</para>

		<section>
			<title>The repository id and title</title>
			<para>
				In the repository tab (<xref linkend="figure-repositorytab"/>),
				the repository id and title are declared. The id is how the
				repository will be known by Sesame: all client access will need to
				use this identifier.
			</para>
			<para>
				The title is for human convenience and can be used to give a short
				description of the repository's purpose. Clients such as the web
				interface use it to represent the repository to the end user.
			</para>
		</section>

		<section>
			<title>The Sail stack</title>
			<para>
				The most important part of the repository configuration is the
				sail stack, which can be found in the "repository details" screen
				(<xref linkend="figure-repositorydetails"/>). Here, you configure
				where the actual repository storage resides, whether or not
				inferencing, security and versioning, etc. should be used, and
				what additional options are needed.
			</para>
			<para>
				The sail stack is represented top-to-bottom. In the example, we
				see two sail declarations:
				<classname>org.openrdf.sesame.sailimpl.sync.SyncRdfSchemaRepository</classname>
				and
				<classname>org.openrdf.sesame.sailimpl.rdbms.RdfSchemaRepository</classname>.
				The first sail is stacked on top of the second one (which means
				that it operates by calling methods on the Sail underneath it).
				The second sail is the base sail: it is the lowest of the stack
				and does not operate on another sail, but directly on the actual
				data source. In this example, the base sail is an RDF Schema-aware
				driver for a relational database that supports (currently) MySQL
				(3.23.47 and higher), PostgreSQL (7.0.2 and higher) and Oracle 9i. 
			</para>
			<para>
				The <classname>SyncRdfSchemaRepository</classname> is optional,
				but we strongly recommend using it. This Sail handles concurrent
				access issues, without it Sesame would behave unpredictably when
				several users access the repository simultaneously.
			</para>
			<para>
				Other base sails to choose from include:
				<itemizedlist>
					<listitem><classname>org.openrdf.sesame.sailimpl.rdbms.RdfRepository</classname>:
						an non-inferencing driver for relational database storage.</listitem>
					<listitem><classname>org.openrdf.sesame.sailimpl.omm.versioning.VersioningRdbmsSail</classname>:
						an inferencing driver for relational database storage that
						supports change tracking.</listitem>
					<listitem><classname>org.openrdf.sesame.sailimpl.memory.RdfRepository</classname>:
						a non-inferencing driver for storage in main memory.</listitem>
					<listitem><classname>org.openrdf.sesame.sailimpl.memory.RdfSchemaRepository</classname>:
						an inferencing driver for storage in main memory that support RDF and RDF
						Schema entailment.</listitem>
					<listitem><classname>org.openrdf.sesame.sailimpl.nativerdf.NativeRdfRepository</classname>:
						a non-inferencing driver for storage directly on disk.</listitem>
				</itemizedlist>
			</para>
			<para>
				All base sails that work on relational databases need a number of
				parameters to function:
			</para>
			<itemizedlist>
				<listitem>
					<varname>jdbcDriver</varname> identifies the JDBC (Java Data
					Base Connectivity) driver that is to be used to access the
					database. In the example,
					<classname>com.mysql.jdbc.Driver</classname>, the standard MySQL
					JDBC driver, is used.
				</listitem>
				<listitem>
					<varname>jdbcUrl</varname> identifies the location of the
					database through a URL. The precise syntax of this URL is
					DBMS-dependent. An example URl for a MySQL database would be
					<symbol>jdbc:mysql://localhost:3306/testdb</symbol>. This
					specifies a database names <symbol>testdb</symbol> on a MySQL
					server running on <symbol>localhost</symbol>, which uses port
					3306 for communication. The last part of the URL identifies the
					name of the database (in this case <symbol>testdb</symbol>).
					Note that this is the name of the database as it is known to the
					DBMS, and that it is not related to the Sesame repository id
					(though it might be convenient to assign them identical names).
				</listitem>
				<listitem>
					<varname>user</varname> identifies a username with which Sesame
					can access the database. This must therefore be a user which is
					known to the DBMS, and which has been granted access rights (see
					also <xref linkend="chapter-serveradmin"/>).
				</listitem>
				<listitem>
					<varname>password</varname> identifies a password with which
					Sesame can access the database. This must therefore be a
					password that matches the username configured in the
					<varname>user</varname> parameter.
				</listitem>
			</itemizedlist>
			<para>
				The RDBMS-based sails also take some optional parameters:
			</para>
			<itemizedlist>
				<listitem>
					<varname>dependency-inferencing</varname> indicates whether the
					dependency-based truth maintenance should be used (possible
					values are 'yes' and 'no', the default is 'yes').
					Dependency-based truth maintenance speeds up removal operations,
					but performance of uploads is slowed down.
				</listitem>
				<listitem>
					<varname>commitInterval</varname> indicates a number of triples
					to be added before the sail does an in-between commit during upload
					of large datasets. The default is '1000'. This figure can be
					tweaked to improve upload performance. 
				</listitem>
			</itemizedlist>
			<para>
				The memory-based sails take four optional parameters:
			</para>
			<itemizedlist>
				<listitem><varname>file</varname> specifies a file in which the
					in-memory repository stores its contents on local disk. This
					file is automatically saved and reloaded on (re)start of the
					server.</listitem>
				<listitem><varname>dataFormat</varname> specifies the format of the
					data in the file. Legal values are 'rdfxml' (the default),
					'ntriples' and 'turtle'.</listitem>
				<listitem><varname>compressFile</varname> specifies whether the
					file used for storage should be compressed with gzip.</listitem>
				<listitem><varname>syncDelay</varname> specifies the time (in
					milliseconds) to wait after a transaction was commited before
					writing the changed data to file. Setting this variable to '0'
					(the default value) will force a file sync immediately after each
					commit. A negative value will deactivate file synchronization
					until the Sail is shut down. A positive value will postpone the
					synchronization for at least that amount of milliseconds. If in
					the meantime a new transaction is started, the file synchronization
					will be rescheduled to wait for another <varname>syncDelay</varname>
					ms. This way, bursts of transaction events can be combined in one
					file sync, improving performance.</listitem>
			</itemizedlist>
			<para>
				The native sail has one required parameter:
			</para>
			<itemizedlist>
				<listitem><varname>dir</varname> specifies the directory that can be
				used by the native sail to store its files.</listitem>
			</itemizedlist>
			<para>
				The native sail also has an optional
				<varname>triple-indexes</varname> parameter, with which one can
				specify the indexing strategy the native sail should take. We will
				explain this in more detail in the next section.
			</para>
		</section>
	</section>
	<section>
		<title>Native Sail Indexing</title>
		<para>
			The native store uses B-Trees for indexing statements, where the
			index key consists of three fields: subject (s), predicate (p) and
			object (o). The order in which each of these fields is used in the
			key determines the usability of an index on a specify triple query
			pattern: searching triples with a specific subject in an index that
			has the subject as the first field is signifantly faster than
			searching these same triples in an index where the subject field is
			second or third. In the worst case, the 'wrong' triple pattern will
			result in a sequential scan over the entire set of triples.
		</para>
		<para>
			By default, the native store only uses a single index, with a
			subject-predicate-object key pattern. However, it is possible to
			define different indexes for the native store, using the
			<varname>triple-indexes</varname> parameter. This can be used to
			optimize performance for query patterns that occur frequently.
		</para>
		<para>
			The subject-, predicate- and object fields are represented by the
			characters 's', 'p' and 'o', respectively. Indexes can be specified
			by creating 3-letter words from these three characters. Multiple
			indexes can be specified by separating these words with comma's,
			spaces and/or tabs.  For example, the string "spo, pos" specifies
			two indexes; a subject-predicate-object index and a
			predicate-object-subject index.
		</para>
		<para>
			Of course, creating multiple indexes speeds up querying, but there
			is a cost factor to take into account as well: adding and removing
			data will become more expensive, because each index will have to be
			updated. Also, each index takes up additional disk space.
		</para>
		<para>
			The native store automatically creates/drops indexes upon
			(re)initialization, so the parameter can be adjusted and upon the
			first refresh of the configuration the native store will change its
			indexing strategy, without loss of data.
		</para>
	</section>
	<section>
		<title>Custom inferencing</title>
		<para>
			The basic set of RDFS inference rules (as defined in the RDF(S) MT
			semantics) sometimes can be insufficient to build custom
			applications. For example, in some applications there is a need
			for defining one's own transitive, symmetric or inverse
			properties. Providing an infrastructure to define such custom
			inference rules helps developers to tune the Sesame inferencer so
			it can suit better in the application.
		</para>
		<para>
			Since Sesame release 0.95, we provide an alternative inferencer
			that works with
			<classname>org.openrdf.sesame.sailimpl.rdbms.RdfSchemaRepository</classname>
			SAIL. This custom inferencer can be initialized with a set of
			axiomatic triples and inference rules defined in an external file.
			The format of these definitions is very simple and intuitive and
			it is explained in greater detail in the next section. 
		</para>
		<para>
			Support for inter-rule dependency is also added to the
			customizable inferencer. Now we can state explicitly which rules are
			triggered if a rule infers a new statement. This information is given
			within an additional tag within the 'rule' one - 'triggers_rule'. It
			consists of several 'rule' tags with a name attribute specifying the
			rules affected. 
		</para>

		<section>
			<title>XML syntax</title>
			<para>
				The definition file is in XML and should conform to the following DTD:
			</para>
<screen><![CDATA[
<!DOCTYPE InferenceRules [
  <!ENTITY rdf 'http://www.w3.org/1999/02/22-rdf-syntax-ns#'>
  <!ENTITY rdfs 'http://www.w3.org/2000/01/rdf-schema#'>
  <!ENTITY daml 'http://www.daml.org/2001/03/daml+oil#'>

  <!ELEMENT InferenceRules (axiom | rule)*>

  <!ELEMENT axiom (subject, predicate, object)>

  <!ELEMENT rule ((premise+, consequent, triggers_rule?) | EMPTY)>
  <!ATTLIST rule
            name CDATA #REQUIRED>

  <!ELEMENT premise (subject, predicate, object)>
  <!ELEMENT consequent (subject, predicate, object)>
  <!ELEMENT triggers_rule (rule)*>

  <!ELEMENT subject EMPTY>
  <!ATTLIST subject
            var     CDATA      #IMPLIED
            uri     CDATA      #IMPLIED
            pattern CDATA      #IMPLIED
            escape  CDATA      #IMPLIED
            type    (resource) #IMPLIED>

  <!ELEMENT predicate EMPTY>
  <!ATTLIST predicate
            var     CDATA      #IMPLIED
            uri     CDATA      #IMPLIED
            pattern CDATA      #IMPLIED
            escape  CDATA      #IMPLIED
            type    (resource) #IMPLIED>

  <!ELEMENT object EMPTY>
  <!ATTLIST object
            var     CDATA      #IMPLIED
            uri     CDATA      #IMPLIED
            pattern CDATA      #IMPLIED
            escape  CDATA      #IMPLIED
            type    (resource) #IMPLIED>
]>]]></screen>
			<para>
				If a 'uri' attribute is present within the 'subject', 'predicate' or
				'object' tags, its value is assumed to be a name of a resource.
			</para>
			<para>
				The value of the 'var' attribute of the above tags gives the name of
				that variable. This attribute cannot be used within an 'axiom' tag.
			</para>
			<para>
				For example, here are two of the axiomatic triples, as they are
				defined in the RDF(S) MT semantics. They appear in the
				configuration file like this:
			</para>
<screen><![CDATA[
<axiom>
	<subject   uri="&rdfs;subPropertyOf"/> 
	<predicate uri="&rdfs;domain"/> 
	<object    uri="&rdf;Property"/>
</axiom>
<axiom>
	<subject   uri="&rdfs;subPropertyOf"/>
	<predicate uri="&rdfs;range"/>
	<object    uri="&rdf;Property"/>
</axiom>]]></screen>
			<para>
				An example of an inference rule (one stating that - if a resource is
				used as predicate then it is of 'type' 'Property') looks like:
			</para>
<screen><![CDATA[
<rule name="rdfs1">
    <premise>
        <subject   var="xxx"/>
        <predicate var="aaa"/>
        <object    var="yyy"/>
    </premise>

    <consequent>
        <subject   var="aaa"/>
        <predicate uri="&rdf;type"/>
        <object    uri="&rdf;Property"/>
    </consequent>

    <triggers_rule>
        <rule name="rdfs2" />
        <rule name="rdfs3" />
        <rule name="rdfs4a" />
        <rule name="rdfs5b" />
        <rule name="rdfs6" />
        <rule name="rdfs9" />
    </triggers_rule>
</rule>]]></screen>
			<para>
				In the above example 'xxx', 'aaa' and 'yyy' are variables and 'rdf:type'
				and 'rdf:Property' are exact resource URIs. 
			</para>
			<para>
				A 'pattern' attribute with conjunction with an 'escape' attribute is
				used to define a pattern for matching resource names. They both can
				appear only in a triple component denoting variables, e.g. with 'var'
				attribute specified. Use '?' to denote any single character and '*' to
				match any character combination with length greater than 0. 
			</para>
			<para>
				Use a character declared in 'escape' attribute to escape '?' or '*'
				characters within pattern. You need to specify 'pattern' and 'escape'
				attributes for a given variable only once per rule (note that pattern
				and escape are used only once for variable 'id'.
			</para>
			<para>
				An example of rule using pattern matching:
			</para>
<screen><![CDATA[
<rule name="rdfsXI">
    <premise>
        <subject   var="xxx"/>
        <predicate var="id" pattern="&rdf;_*" escape="\"/>
        <object    var="yyy"/>
    </premise>

    <consequent>
        <subject   var="id"/>
        <predicate uri="&rdf;type"/>
        <object    uri="&rdfs;ContainerMembershipProperty"/>
    </consequent>

    <triggers_rule>
        <rule name="rdfs2" />
        <rule name="rdfs3" />
        <rule name="rdfs6" />
        <rule name="rdfs9" />
        <rule name="rdfs10" />
    </triggers_rule>
</rule>]]></screen>
			<para>
				Note that you can match these triple templates by the values to the
				variables used in them and the specified resources used as subjects,
				predicates or objects of a triple. 
			</para>
		</section>

		<section>
			<title>Example</title>
			<para>
				Consider the property URI is http://somewhere.org#partOf. In our
				example domain, we wish to ensure that this resource is always
				inserted in the repository, so we add the axiomatic triple stating
				that it is a property:
			</para>
<screen><![CDATA[
<axiom>
    <subject   uri="http://somewhere.org#partOf"/> 
    <predicate uri="&rdf;type"/> 
    <object    uri="&rdf;Property"/>
</axiom>]]></screen>
			<para>
				We also wish to define that the property is transitive. To this end,
				we add a single inference rule:
			</para>
<screen><![CDATA[
<rule name="userPartOf">
    <premise>
        <subject   var="xxx"/>
        <predicate uri="http://somewhere.org#partOf"/>
        <object    var="yyy"/>
    </premise>
    <premise>
        <subject   var="yyy"/>
        <predicate uri="http://somewhere.org#partOf"/>
        <object    var="zzz"/>
    </premise>

    <consequent>
        <subject   var="xxx"/>
        <predicate uri="http://somewhere.org#partOf"/>
        <object    var="zzz"/>
    </consequent>

    <triggers_rule>
        <rule name="rdfs2" />
        <rule name="rdfs3" />
        <rule name="rdfs6" />
        <rule name="userPartOf" />
    </triggers_rule>
</rule>]]></screen>
			<para>
				If the repository has these two triples: T1 - (finger.1, partOf,
				Hand.Left) and T2 - (Hand.Left, partOf, Human.1) and if they match the
				condition (since the same 'yyy' variable is used in both 'premise'
				tags) T1.object = T2.subject, a triple corresponding to the
				'consequent' tag is added to the repository, using the current
				variable bindings and will have the form TInfer = (T1.subject, partOf,
				T2.object) e.g. Tinfer=(Finger.1, partOf, Human.1).
			</para>
		</section>

		<section>
			<title>Configuration</title>
			<para>
				The inferencer used by a repository based on
				<classname>org.openrdf.sesame.sailimpl.rdbms.RdfSchemaRepository</classname>
				sail is defined by a parameter passed to it during the initialization. To
				start using the custom inferencer on a repository, add the following extra
				parameter to the configuration of that repository:
			</para>
			<itemizedlist>
				<listitem><varname>use-inferencer</varname> specifies the full
					classname of the inferencer. To use the custom inferencer, use the
					value
					<classname>org.openrdf.sesame.sailimpl.rdbms.CustomInferenceServices</classname>.
				</listitem>
				<listitem><varname>rule-file</varname> specifies the location of the XML
					file in which the inference rules for the custom inferencer are
					specified. Make sure that you specify the full path name.
				</listitem>
			</itemizedlist>
		</section>

		<section>
			<title>Notes and Hints</title>
			<para>
				An example rules file, containing the axioms and entailment rules
				as specified by the January 23 Working Draft of the RDF Model
				Theory, can be found in the Sesame source tree, specifically in
				<filename>src/org/openrdf/sesame/sailimpl/rdbms/entailment-rdf-mt-20030123.xml</filename>.
				This file is used per default by the custom inferencer if the
				<varname>rule-file</varname> parameter is not specified.
			</para>
			<para>
				Changes to the rules file do not lead to automatic
				reapplication of the rules over the existing data in the repository.
				So clean the repository first to avoid inconsistency problems.
			</para>
			<para>
				The dependency information used by the TMS system is also
				affected by the rules. The default inferencer uses dependency database
				table, that can handle cases where up to two triples leads to the
				inference of a new one. Since there can exist inference rules
				involving arbitrary number of 'premise' tags in the configuration file
				- the structure of the default dependency table cannot handle them. To
				avoid loss of data, the structure of that table is not altered and it
				is created only if it not exist. This check is performed during
				repository initialization phase. So it is better to apply
				new/modified inference rules on a completely clean datastorage
				(database).
			</para>
		</section>
	</section>

	<section>
		<title>Change Tracking</title>
		<para>
			[This section not yet available. See the documentation at
			<ulink url="http://www.ontotext.com/omm/">http://www.ontotext.com/omm/</ulink>
			for details.]
		</para>
	</section>
</chapter>
