<chapter id="chapter-serverinstall">
	<title>Installing Sesame</title>
	<para>
		Sesame can deployed in several ways. The two most common scenarios
		include deployment as a java library, or deployment as a server. In
		this chapter, both installation scenarios are explained. 
	</para>

	<section>
		<title>Library installation</title>
		<para>
			To use Sesame as a library in a java application, one needs the
			Sesame jar files. These are:
		</para>
		<itemizedlist>
			<listitem>
				<filename>sesame.jar</filename>. The Sesame core classes.
			</listitem>
			<listitem>
				<filename>rio.jar</filename>. Rio (RDF I/O) is a set of parsers
				and writers for different RDF serialization formats (RDF/XML,
				Turtle, N-Triples).
			</listitem>
			<listitem>
				<filename>openrdf-model.jar</filename>. Shared interfaces and
				classes for the RDF model.
			</listitem>
			<listitem>
				<filename>openrdf-util.jar</filename>. Shared utility classes.
			</listitem>
		</itemizedlist>
		<para>
			These files can be found in the <filename>lib</filename> directory
			of the binary download. Simply including them in your classpath will
			allow you to use the functionality of Sesame in your own Java
			application.
		</para>
		<para>
			Sesame requires Java 2, version 1.4 or newer, to function properly.
		</para>
		<para>
			If you intend to use client/server communication over HTTP, then you will additionally
			need the following third-party libraries:
  	    </para>
  	    <itemizedlist>
  	    	<listitem><ulink url="http://jakarta.apache.org/commons/fileupload/">Jakarta Commons FileUpload</ulink>, release 1.1.</listitem>
  	    	<listitem><ulink url="http://jakarta.apache.org/commons/io/">Jakarta Commons IO</ulink>, release 1.1.</listitem>
  	    </itemizedlist>
  	    <para>
  	    	These third-party libraries can be found in the <filename>ext/</filename> directory of the 
  	    	source distribution of Sesame, and are also included in the library directory
  	    	of the Sesame Web Archive (<filename>sesame.war</filename>). More information about these libraries, including
  	    	license information, can be found in the file <filename>doc/thirdparty.txt</filename>.
  	    </para>
		<para>
			For more information on how to use Sesame as a library, see
			<xref linkend="chapter-api"/>
		</para>
	</section>

	<section>
		<title>Server installation</title>
		<section>
			<title>Required software</title>

			<para>
				The Sesame server requires the following software:
			</para>

			<itemizedlist>
				<listitem>Sesame itself</listitem>
				<listitem>A Java servlet container (running Java 2, version 1.4
					or newer) for running the Sesame servlets</listitem>
			</itemizedlist>
			<para>
				Sesame should be able to run on any Java servlet container that
				supports the Servlet 2.2 and JSP 1.1 specifications, or newer.
				So far, it has been tested with Tomcat and, in the case of
				Oracle, with OC4J. It has also been reported to work without
				problems on BEA WebLogic 8.1 SP2 and Jetty. Please post any
				reports about compatibility with other servlet containers to our
				forums.
			</para>
			<para>
				Sesame has several options for storage of RDF data: it can store
				data in main-memory (optionally with a dump to file for
				persistence), it can store data on disk in a dedicated file
				structure, or it can store data in a relational database. See
				section <xref linkend="section-install-rdbms-info"/> for more
				info about the last option.
			</para>
		</section>

		<section id="section-install-tomcat" xreflabel="Installation under Tomcat 4 or 5">
			<title>Installation under Tomcat 4 or 5</title>
			<para>
				The following steps describe the easiest procedure to install
				Sesame on Tomcat 4.x or 5.x. The described procedure doesn't
				require any reconfiguration of Tomcat itself, but it might not
				be the best option for you. Please see the documentation that
				came with your copy of Tomcat if you want more fine-grained
				control over where and how Sesame should be installed.
			</para>
			<orderedlist>
				<listitem>
					Install Tomcat. This usually consists of downloading the
					binary Tomcat distribution from
					<ulink url="http://jakarta.apache.org/tomcat">http://jakarta.apache.org/tomcat</ulink>
					and installing it in an appropriate location on your disk
					(we will refer to this location as
					<filename>[TOMCAT_DIR]</filename> here). Please see the
					Tomcat documentation for more information on how to get it
					up and running.
				</listitem>
				<listitem>
					Go to the web applications directory
					(<filename>[TOMCAT_DIR]/webapps/</filename> by default) and
					create a directory 'sesame' there.
				</listitem>
				<listitem>
					Extract the <filename>sesame.war</filename> file (which can
					be found in the <filename>lib</filename> directory of the
					binary Sesame distribution) to the newly created 'sesame'
					directory. You can do this on the command line by changing
					directories to the new 'sesame' directory and executing the
					command <command>jar -xf [PATH/TO/]sesame.war</command>. You
					can also use a program like WinZip or unzip to extract the
					archive. We will refer to the directory where you have
					extracted the sesame.war file as
					<filename>[SESAME_DIR]</filename> in the rest of this
					document.
				</listitem>
				<listitem>
					In case you are planning to use a database with Sesame, copy
					the appropriate JDBC-driver file(s) to the directory
					<filename>[SESAME_DIR]/WEB-INF/lib/</filename>.
				</listitem>
				<listitem>
					Copy the file
					<filename>[SESAME_DIR]/WEB-INF/system.conf.example</filename>
					to <filename>[SESAME_DIR]/WEB-INF/system.conf</filename>.
					NOTE: only do this for a fresh install of Sesame, if you are
					upgrading you will already have a config file, and copying
					the example over it will destroy your existing
					configuration. The example file contains some repository
					entries for different Sails and databases, and one user
					account. The file may require some modifications in order to
					work on your machine. Please check out
					<xref linkend="chapter-serveradmin"/> if you want to learn
					how to do this.
				</listitem>
				<listitem>
					(Re)start your Tomcat server and Sesame should now be up and
					running. You can access the Sesame web interface at
					<filename>http://[MACHINE_NAME]:8080/sesame</filename>.
				</listitem>
			</orderedlist>
		</section>

		<section>
			<title>Installation under Tomcat 3</title>
			<para>
				Installation of Sesame under Tomcat 3 is almost identical to the
				procedure described above. It requires one additional step:
			</para>
			<orderedlist>
				<listitem>
					Perform the steps described in
					<xref linkend="section-install-tomcat"/>.
				</listitem>
				<listitem>
					Copy the file
					<filename>[SESAME_DIR]/WEB-INF/lib/web.xml-2.2</filename>
					over the existing <filename>web.xml</filename> file and
					(re)start your Tomcat server.
				</listitem>
			</orderedlist>
		</section>

		<section>
			<title>Installation under Oracle Container for Java (OC4J)</title>
			<para>
				Sesame has been tested with OC4J v9.0.3.0. The installed
				procedure differs from the standard installation procedure.
			</para>
			<itemizedlist>
				<listitem>
					Create a directory
					<filename>[OC4J_HOME]/j2ee/home/applications/sesame</filename>
					and extract the sesame.war file there. We will refer to the
					directory where you have installed Sesame as
					<filename>[SESAME_DIR]</filename> in the rest of this
					document.
				</listitem>
				<listitem>
					Add the following line to
					<filename>[OC4J_HOME]/j2ee/home/config/application.xml</filename>:
					<screen><![CDATA[
<web-module id="sesame" path="../../home/applications/sesame"/>]]></screen>
				</listitem>
				<listitem>
					Add the following line to
					<filename>[OC4J_HOME]/j2ee/home/config/http-web-site.xml</filename>:
					<screen><![CDATA[
<web-app application="default" name="sesame" root="/sesame"/>]]></screen>
				</listitem>
			</itemizedlist>
		</section>
	</section>

	<section>
		<title>Testing Your Installation</title>
		<para>
			If you have followed the installation instruction described in the
			previous section, the Sesame server should now be up-and-running.
			Pointing a browser to the location where you have installed Sesame
			(e.g. <filename>http://[MACHINE_NAME]:8080/sesame/</filename> if you
			have installed Sesame under Tomcat as described in this document)
			should now display the Sesame web interface.
		</para>
		<para>
			You should also test whether the Sesame servlets are running
			correctly, and whether Sesame can talk to the RDBMS (if applicable).
			Select one of the repositories that you have configured and press
			'Go&gt;&gt;'. Click on the 'Add (www)' link in the toolbar at the
			top of the window, and try to upload the
			<filename>test.rdf</filename> file from Sesame's admin directory
			(e.g. <filename>http://[MACHINE_NAME]:8080/sesame/admin/test.rdf</filename>).
			You can do this by typing this URL in the first text field and
			by clicking on the 'Add data' button after that.
		</para>
		<para>
			If the data-upload was successful, you should also be able to
			extract the uploaded data. Click on the 'Extract' link in the
			toolbar and press the 'Extract' button. This should yield an RDF
			document describing all classes and properties in the repository.
		</para>
		<para>
			Sesame has been successfully installed if all of this works. You
			can remove or reconfigure the test user account and repository
			if you want. If you haven't done so already, you can take a look
			at the next chapter for information on how to add and remove
			user accounts and repositories to/from Sesame.
		</para>
	</section>

	<section id="section-install-rdbms-info" xreflabel="More on the RDBMS">
		<title>More on the RDBMS</title>

		<para>
			Sesame has an RDBMS-Sail that uses an RDBMS for storing RDF data.
			Currently, this Sail supports
			<ulink url="http://www.postgresql.org">PostgreSQL</ulink>,
			<ulink url="http://www.mysql.com">MySQL</ulink>,
			<ulink url="http://www.microsoft.com/sql/">Microsoft SQL
				Server</ulink> and
			<ulink url="http://www.oracle.com/database/">Oracle</ulink>
			databases. The first two RDBMS's are open source and are freely
			available on the Internet. Please check the documentation delivered
			with these databases for any questions on how to get them installed.
		</para>
		<para>
			Sesame's RDBMS Sail has been extensively tested in combination with
			MySQL and PostgreSQL. The RDBMS Sail used to perform much better in
			combination with MySQL than with PostgreSQL, but recent versions of
			PostgreSQL have shown major performance increases. These two
			RDBMS's now have comparable performance, with PostgreSQL having an
			edge over MySQL where it concerns the evaluation of complex queries.
			The SQL Server- and Oracle support are third-party contribution and
			we have no comparitive data on their performance.
		</para>

		<section>
			<title>Notes on PostgreSQL</title>

			<itemizedlist>
				<listitem>
					Recent versions of PostgreSQL are a lot faster than the 7.1
					version that Sesame was originally developed against. The
					most recents tests have been done using version 8.1.4. If
					possibly, you should use the newest possible (stable)
					version of PostgreSQL that is available.
				</listitem>
				<listitem>
					JDBC-drivers for PostgreSQL can be found at
					<ulink url="http://jdbc.postgresql.org"/>, but these also
					come bundled with (some of) the PostgreSQL installation
					packages.
				</listitem>
				<listitem>
					Make sure that the PostgreSQL server is running with the
					TCP/IP connections enabled. If TCP/IP is not enabled, the
					JDBC-driver will not be able to talk to the server.
				</listitem>
				<listitem>
					<ulink url="http://www.pgadmin.org/">pgAdmin</ulink> is an
					excellent tool to administer a PostgreSQL server (for those
					who don't mind using GUIs).
				</listitem>
				<listitem>
					The RDBMS Sail will need an (empty) database on the
					PostgreSQL server, as well as a user account that has access
					to (or owns) that database. You need to create these
					manually, for example by using the pgAdmin tool mentioned
					above. In most cases, the encoding of the new database
					should be set to 'UTF8'. The RDBMS Sail will take care of
					creating the required tables and indexes when first run.
					We'll assume that the user account is called 'sesame' in the
					rest of this document.
				</listitem>
			</itemizedlist>
		</section>

		<section>
			<title>Notes on MySQL</title>

			<itemizedlist>
				<listitem>
					Sesame tries to use the character set features that were
					introduced in MySQL 4.1 to properly handle non-ASCII
					characters. Sesame will automatically detect whether these
					features are available and will fall back to using BLOBs
					when an older version of MySQL is used. In that case, Sesame
					will not be able to properly handle non-ASCII characters in
					literals and namespace names.
				</listitem>
				<listitem>
					Sesame's RDBMS Sail makes extensive use of the TRUNCATE
					command. Unfortunately, this command
					<ulink url="http://dev.mysql.com/doc/refman/5.0/en/truncate.html">is
						mapped to the much slower DELETE command</ulink> for
					InnoDB tables in pre-MySQL 5.0.3 releases. To achieve
					reasonable performance one should use MySQL 5.0.3 or newer,
					or configure MySQL to use the older MyISAM tables instead of
					InnoDB tables.
				</listitem>
				<listitem>
					Several people have reported problems with 4.x and early
					5.0.x version of MySQL, especially with versions that came
					pre-installed with Linux distributions. So far, all these
					problems were resolved by installing the most recent
					<emphasis>stable</emphasis> version of MySQL and its
					JDBC-driver. Please try this before reporting problems when
					using unstable/beta releases.
				</listitem>
				<listitem>
					<ulink url="http://www.mysql.com/products/tools/administrator/">MySQL
						Administrator</ulink> is an great tool to administer a
					MySQL server (for those who don't mind using GUIs).
				</listitem>
				<listitem>
					The RDBMS Sail will need an (empty) database on the
					MySQL server, as well as a user account that has access to
					that database. You need to create these manually, for
					example by using the MySQL Administrator tool mentioned
					above. In most cases, the encoding of the new database
					should be set to 'UTF8'. The RDBMS Sail will take care of
					creating the required tables and indexes when first run.
					We'll assume that the user account is called 'sesame' in the
					rest of this document.
				</listitem>
			</itemizedlist>
		</section>

		<section>
			<title>Notes on Oracle</title>
			<para>
				Note: We do not have first-hand experience with using the RDBMS
				Sail on Oracle. The comments below are based on feedback that we
				have received from users.
			</para>
			<itemizedlist>
				<listitem>
					The RDBMS Sail has been tested with Oracle 9i and newer,
					Oracle 8i does not work due to lack of support for left
					(outer) joins. Oracle 9.2.0.1.0 has a bug affecting
					ANSI-style left (outer) joins which makes it
					incompatible with Sesame. This bug has been fixed in version
					9.2.0.4.0. 
				</listitem>
				<listitem>
					The Oracle JDBC driver can be found at
					<filename>[ORACLE_HOME]/jdbc/lib/classes12.jar</filename> or
					at <ulink url="http://otn.oracle.com/"/>.
				</listitem>
				<listitem>
					You will have to create a user with appropriate rights
					(resource + connect).
				</listitem>
				<listitem>
					If ORA-0150 (maximum key length (...) exceeded) is raised
					during creation of your DB-Schema the reason might be in
					your DB configuration. You have got the following options:
					<itemizedlist>
						<listitem>
							Increase db_block_size in your init.ora and create a
							new database to allow larger index columns (refer to
							Oracle Note:136158.1).
						</listitem>
						<listitem>
							Edit <filename>Oracle.java</filename> in package
							<filename>org.openrdf.sesame.sailimpl.rdbms</filename>
							and alter the size of the Datatype NAME and LABEL.
							The new size can be calculated from the error
							message, e.g.: "ORA-01450 maximum key length (3166)
							exceeded at varchar(3157)" (length-9 for block
							overhead).
						</listitem>
					</itemizedlist>
				</listitem>
			</itemizedlist>
		</section>
	</section>
</chapter>
