<chapter id="chapter-serveradmin" xreflabel="Server administration">
	<title>Server administration</title>

	<section id="section-serveradmin-changing" xreflabel="Changing the system configuration">
		<title>Changing the system configuration</title>
		<para>
			Sesame's configuration is specified in the file
			<filename>[SESAME_DIR]/WEB-INF/system.conf</filename>. You can edit this
			configuration file locally on your Sesame server using the
			Configure Sesame! tool available in
			<filename>[SESAME_DIR]/WEB-INF/bin/</filename>. You can start the
			tool with the command <filename>configSesame.bat</filename> (on
			Windows) or <filename>configSesame.sh</filename> (on UNIX. Note that
			in UNIX you may have to give the file executable permissions first).
			
			Alternatively, you can download Configure Sesame! as a standalone tool
			from the <ulink url="http://sourceforge.net/projects/sesame/">Sesame project
			website</ulink>, and install it on a remote client machine to configure your
			Sesame server over HTTP. 
		</para>
		<para>
			It is possible to edit the system configuration manually with an
			XML or text editor, but we do not recommend this.
		</para>
	</section>

	<section>
		<title>Loading a system configuration</title>
		<figure id="figure-config" float="1">
			<title>Configure Sesame!</title>
			<mediaobject>
				<imageobject>
					<imagedata fileref="figures/configSesame/configsesame.png"/>
				</imageobject>
			</mediaobject>
		</figure>
		<para>
			When you have started Configure Sesame! (<xref linkend="figure-config"/>),
			load the file <filename>system.conf</filename>. If you want to configure a
			running Sesame server, you can do this by loading the file directly from
			the server (menu option [File]-->[Load from server...], see
			<xref linkend="figure-loadfromserver"/>). If the server is not running,
			you can open the file from disk (menu option [File]-->[Open file...]).
		</para>
		<figure id="figure-loadfromserver" float="1">
			<title>Loading the configuration from a running server</title>
			<mediaobject>
				<imageobject>
					<imagedata fileref="figures/configSesame/loadfromserver.png"/>
				</imageobject>
			</mediaobject>
		</figure>
		<para>
			If this is a fresh installation of Sesame, the admin password is still the
			default password. In this case, you will need to enter "admin" as the
			Current admin password to load the configuration. If this is not a fresh
			installation of Sesame you will need to enter the admin password that
			you have specified earlier.
		</para>
	</section>

	<section>
		<title>Storing a system configuration</title>
		<para>
			When you have modified the configuration, you can store it on disk
			(menu option [File]-->[Save file as...]), or you can send it
			directly to a running Sesame server (menu option [File]-->[Send to
			server...], see <xref linkend="figure-sendtoserver"/>). Notice that
			if you use the "Send to Server" option, the changes to the
			configuration will be applied to the running server immediately.
			You do not need to restart or refresh the server separately.
		</para>
		<figure id="figure-sendtoserver" float="1">
			<title>Send a configuration to a running server</title>
			<mediaobject>
				<imageobject>
					<imagedata fileref="figures/configSesame/sendtoserver.png"/>
				</imageobject>
			</mediaobject>
		</figure>
	</section>

	<section>
		<title>Setting the admin password</title>
		<para>
			If you have not changed the admin password before, it's probably a
			good idea to set one right now. To set the admin password, go to the
			server tab (<xref linkend="figure-servertab"/>) and fill in an admin
			password.
		</para>
		<figure id="figure-servertab" float="1">
			<title>The Server tab</title>
			<mediaobject>
				<imageobject>
					<imagedata fileref="figures/configSesame/servertab.png"/>
				</imageobject>
			</mediaobject>
		</figure>
	</section>

	<section>
		<title>Adding and removing user accounts</title>
		<para>
			To add a user account to Sesame, perform the following steps:
		</para>
		<orderedlist>
			<listitem>
				<para>
					Open the Tab "Users" (<xref linkend="figure-usertab"/>). You see
					an overview of currently configured users.
				</para>
				<figure id="figure-usertab" float="1">
					<title>The "Users" configuration tab</title>
					<mediaobject>
						<imageobject>
							<imagedata fileref="figures/configSesame/usertab.png"/>
						</imageobject>
					</mediaobject>
				</figure>
			</listitem>
			<listitem>
				<para>
					Click the "Add user" icon on the bottom of the window. A new
					entry is added to the overview.
				</para>
			</listitem>
			<listitem>
				<para>
					Enter the credentials for the new user, hitting Enter to go to
					the next column.
				</para>
			</listitem>
		</orderedlist>
		<para>
			To remove a user account, simply select the user you wish to remove and
			click the "Remove user" button in the bottom right of the window.
		</para>
	</section>

	<section>
		<title>Configuring repositories</title>
		<para>
			You can configure existing repositories, add new ones and of course
			remove repository configuration using Configure Sesame!. 
		</para>
		<para>
			In this section, we introduce the basic use of Configure Sesame! 
			In <xref linkend="chapter-repositoryconf"/> we go into the details
			of repository config parameters.
		</para>
		<section>
			<title>Editing an existing repository configuration</title>
			<orderedlist>
				<listitem>
					<para>
						Open the "Repositories" tab
						(<xref linkend="figure-repositorytab"/>). Select the
						repository you wish to configure and click the "Repository
						details" button on the bottom left.
					</para>
					<figure id="figure-repositorytab" float="1">
						<title>The "Repository" tab</title>
						<mediaobject>
							<imageobject>
								<imagedata fileref="figures/configSesame/repositoriestab.png"/>
							</imageobject>
						</mediaobject>
					</figure>
				</listitem>
				<listitem>
					<para>
						In the Repository details window
						(<xref linkend="figure-repositorydetails"/>), you can edit
						several parameters of your repository. The top part of the
						window shows the Sail stack, the bottom part shows the
						parameters of the selected Sail in the stack. In most cases,
						you will only want to edit the parameters of the bottom sail
						in the stack (for more information about the Sail stack and
						configuration parameter see
						<xref linkend="chapter-repositoryconf"/>).
					</para>
					<figure id="figure-repositorydetails" float="1">
						<title>The "Repository details" window</title>
						<mediaobject>
							<imageobject>
								<imagedata fileref="figures/configSesame/repositorydetails.png"/>
							</imageobject>
						</mediaobject>
					</figure>
				</listitem>
			</orderedlist>
			<para>
				The Repository details window also allows you to change the access
				rights of users to a repository. To change the access rights,
				click the "Access rights" tab, where you can edit the rights of
				existing users or add new users
				(<xref linkend="figure-accessrights"/>). The entry
				<symbol>anonymous</symbol> is a special entry that represents
				users who do not log in. Giving this entry access rights means
				that anybody can access the repository.
			</para>
			<figure id="figure-accessrights" float="1">
				<title>The "access rights" tab</title>
				<mediaobject>
					<imageobject>
						<imagedata fileref="figures/configSesame/accessrights.png"/>
					</imageobject>
				</mediaobject>
			</figure>
		</section>

		<section>
			<title>Adding new repositories</title>
			<para>
				The easiest way to add a new repository is to "clone" an existing
				repository. Use the "Clone" button on the repository tab
				(<xref linkend="figure-repositorytab"/>) to do this. This creates a
				copy of the currently selected repository configuration, which you
				can then edit. Take special care to change details such as the
				<varname>jdbcUrl</varname> or <varname>file</varname> attributes of
				the Sail (see <xref linkend="chapter-repositoryconf"/>).
			</para>
			<para>
				Alternatively, you can add a new repository by using the "Add"
				button and filling in all the information by yourself.
			</para>
		</section>

		<section>
			<title>Removing repositories</title>
			<para>
				To remove a repository, simply open the repository tab
				(<xref linkend="figure-repositorytab"/>), select a repository
				and click the "Remove" button on the bottom right.
			</para>
		</section>
	</section>
</chapter>
