<chapter id="chapter-troubleshooting">
	<title>Troubleshooting</title>
	<para>
		In this chapter, we identify some commonly encountered problems with
		the installation, configuration and use of Sesame, and possible
		solutions.
	</para>
	<para>
		Of course, not all possible problems can be found here. If you have a
		problem that is not described here, you can get feedback on how to
		deal with it by posting a message to the <ulink
			url="http://www.openrdf.org/forum">openRDF.org forum</ulink>.
		Include as many relevant details as possible, for example, which
		version of Sesame you are using, possible java exceptions, log error
		messages, and so forth.
	</para>

	<section>
		<title>I get a "HTTP error 500" message in the toolbar frame</title>
		<para>
			There are several possible reasons for this error. HTTP error 500 is
			a generic code that means 'Internal server error'. It often helps to
			try and scroll down in the toolbar frame (by selecting the text with
			the mouse), there will be more detailed error report further down.
		</para>
		<para>
			There are several possible problems:
		</para>
		<itemizedlist>
			<listitem>
				<para>The JDBC driver can not be found</para>
				<para>This means that you have tried to access an RDBMS-based
					repository for which no JDBC driver is installed. Make sure that
					you have the correct JDBC driver, and have it installed in
					<filename>[SESAME_DIR]/WEB-INF/lib</filename>.
				</para>
			</listitem>
			<listitem>
				<para>The database does not exist</para>
				<para>
					This means that you have tried to access a repository for which
					no database was created. Verify in your repository configuration
					that the parameter <parameter>jdbcUrl</parameter> is set
					correctly, and verify that the database is created and
					accessible for Sesame (for details on how to do this, we refer
					you to the documentation of your RDBMS).
				</para>
			</listitem>
		</itemizedlist>
		<para>
			Other less common problems may also cause this error. In general,
			take a good look at the detailed error message or the repository log
			file (in
			<filename>[SESAME_DIR]/WEB-INF/logs/repositories/</filename>) to
			find out the cause of the problem. 
		</para>
	</section>

	<section>
		<title>I get a "HTTP error 500" message in the main frame</title>
		<para>
			After upgrading a Sesame server to a new version of Sesame, it may
			occur that the web interface fails with a HTTP error 500 and an
			error report similar to the following:
		</para>
		<screen><![CDATA[
javax.servlet.ServletException: org.openrdf.sesame.server.SesameServer.getLocalService()
			Lorg/openrdf/sesame/local/LocalService;
(....)

root cause

java.lang.NoSuchMethodError: org.openrdf.sesame.server.SesameServer.getLocalService()
      Lorg/openrdf/sesame/local/LocalService;
org.apache.jsp.index_jsp._jspService(index_jsp.java:77)
(....)]]></screen>
		<para>
			The <emphasis>root cause</emphasis> here indicates that the JSP page
			is not correctly compiled: it can not find a particular Java method.
		</para>
		<para>
			The cause is that Apache Tomcat sometimes fails to recompile JSP
			pages after they have been updated. The compiled JSP pages still
			refer to methods in the old version of Sesame, which may not be
			present anymore in your new version (this is most likely to occur
			when upgrading to 1.0 from an earlier release, since a lot of API
			changes were made for that version).
		</para>
		<para>
			The solution is to empty Tomcat's JSP compile cache. For Tomcat 4
			this cache can be found in
			<filename>[TOMCAT_DIR]\work\Standalone\localhost\sesame</filename>,
			for Tomcat 5 in
			<filename>[TOMCAT_DIR]\work\Catalina\localhost\sesame</filename>.
			Simply delete all files and folders contained in this directory and
			re-load the web interface.
		</para>
	</section>

	<section>
		<title>I get "error while adding new triples: Invalid byte 2 of 3-byte UTF-8 sequence"</title>
		<para>
			This is a parser error that can occur during upload of RDF/XML
			documents to Sesame. The most likely cause is that the document you
			are uploading specifies that it is in UTF-8 encoding, but that it
			contains non-UTF-8 characters. As UTF-8 is the default character
			set for XML, it might also be the case that the document does not
			specify a character set at all. 
		</para>
		<para>
			The solution is to change the encoding specification of the XML file
			to the appropriate type. For example, if the used character set is
			ISO-8859-1 (this is one of the most common character sets for
			"Western" documents), the header of the XML file should be changed to:
		</para>
			<screen><![CDATA[
<?xml version="1.0" encoding="iso-8859-1"?>]]></screen>
		<para>
			More information about character encodings can be found <ulink
				url="http://www.iana.org/assignments/character-sets">here</ulink>.
		</para>
	</section>

	<section>
		<title>I get a warning: "Unable to set namespace prefix 'foo' for namespace ..."</title>
		<para>
			This happens when you try to upload data to a repository which
			already contains a namespace declaration with the prefix 'foo', but
			which maps it to a different namespace URL. In such cases, a
			conflict occurs. Sesame handles these cases by assigning a
			non-conflicting namespace prefix to the namespace in the new
			document (for example, 'ns1').
		</para>
		<para>
			Most of the time, you can safely ignore this warning. Sometimes it
			indicates a problem with your RDF document: it may have a mistake in
			its namespace declarations. In such cases, examine the namespace
			declarations in your RDF document and fix any errors before
			attempting another upload.
		</para>
	</section>

	<section>
		<title>My in-memory repository is very slow and/or runs out of memory</title>
		<para>
			By default, Tomcat only uses a 64MB heap size for the Java process.
			When you are using a large in-memory repository, this can be too
			small: the process becomes slow because the garbage collector is
			invoked more often, and it can even run out of memory.
		</para>
		<para>
			The solution is to configure Tomcat to use a larger heap size. This
			can be done by editing
			<filename>[TOMCAT_DIR]/bin/catalina.bat</filename> (MS Windows) or
			<filename>catalina.sh</filename> (Unix systems). You can increase
			the heap size by adding a parameter to the environment variable
			JAVA_OPTS. The parameter to be added is '-Xmx128M' (where the number
			128 indicates that 128 Megabytes should be used. Increase as
			required). For <filename>catalina.bat</filename> there now should be
			a line in your file that looks like this:
		</para>
		<screen>set JAVA_OPTS=-Xmx128M</screen>
		<para>
			For <filename>catalina.sh</filename> the line should look like
			this:
		</para>
		<screen>JAVA_OPTS='-Xmx128M'</screen>
		<para>
			For more information on Tomcat memory reservation, see the
			<ulink url="http://jakarta.apache.org/tomcat/faq/memory.html">Tomcat FAQ</ulink>.
		</para>
	</section>

	<section>
		<title>On upload I get an error "java.lang.IllegalStateException: Post too large"</title>
		<para>
			Apache Tomcat by default sets a limit on the maximum size of HTTP
			POST requests it accepts. In Tomcat 5, this limit is set to 2 MB.
			When you try to upload RDF files larger than 2 MB to Sesame, this
			error can occur.
		</para>
		<para>
			The solution is to reconfigure Tomcat to accept larger POST
			requests, either by increasing the limit, or by disabling it. This
			can be done by editing
			<filename>[TOMCAT_DIR]/conf/server.xml</filename>. Set the Tomcat
			configuration parameter <parameter>maxPostSize</parameter> for the
			HTTPConnector to a larger value (in bytes) to increase the limit.
			Setting it to 0 in will disable the size check. See the
			<ulink url="http://jakarta.apache.org/tomcat/tomcat-5.0-doc/config/http.html">Tomcat
			Configuration Reference</ulink> for more information.
		</para>
	</section>
	<section>
		<title>Can not evaluate directSubClassOf on a non-inferencing repository</title>
		<para>
			When executing queries that use a SeRQL built-in operator, such as
			<symbol>directSubClassOf</symbol> (see
			<xref linkend="chapter-serql"/>), this error may occur:
		</para>
<screen>
org.openrdf.sesame.query.QueryEvaluationException: 
        Can not evaluate directSubClassOf on a non-inferencing repository	
</screen>	
		<para>
			This indicates that the repository you are trying to evaluate this
			query on is an RDF repository, not an RDF Schema repository. The
			former does not have inferencing capabilities.
		</para>
		<para>
			SeRQL needs an inferencing repository for evaluating queries with
			built-in operators, because these operators work on the class
			hierarchy. Without inferencing support, the results of these
			operators would become random and unpredictable.
		</para>
		<para>
			The solution is to either reformulate your query, removing all use
			of SeRQL built-in operators, or create a new repository that does
			have inferencing capabilities (an
			<classname>RdfSchemaRepository</classname>), transfer your RDF
			data to it, and use this new repository for your queries.
		</para>
	</section>
</chapter>
