<chapter id="chapter-webinterface" xreflabel="The web interface">
  <title>The web interface</title>
  <para>
    Sesame comes with a Web interface to allow access to repositories
    through a normal Web browser. In this chapter, we will briefly
    describe the user interface.
  </para>
  <section>
    <title>Logging in</title>
    <para>
      If you installed Sesame according to the guidelines in <xref
	linkend="chapter-serverinstall"/>, the Sesame entry page is
      located at <symbol>http://[MACHINE_NAME]:8080/sesame/</symbol>. If you
      point your browser to this address, it should display the Sesame
      entry page shown in <xref linkend="figure-sesame-index-2"/>.
    </para>
    <figure id="figure-sesame-index-2" float="1">
      <title>The Sesame entry page</title>
      <mediaobject>
	<imageobject>
	  <imagedata fileref="figures/sesame-index-2.png"/>
	</imageobject>
      </mediaobject>
    </figure>
    <para>
      The screen provides you with a choice of repositories to work on.
      Since you are not yet logged in, and no publicly accessible
      repositories are available, you get a notification that no
      repositories can be accessed. 
    </para>
    <para>
      To log in to Sesame, click the "log in" link and provide user name
      and password (see <xref linkend="figure-sesame-login"/>).
    </para>
    <figure id="figure-sesame-login" float="1">
      <title>The Sesame login page</title>
      <mediaobject>
	<imageobject>
	  <imagedata fileref="figures/sesame-login.png"/>
	</imageobject>
      </mediaobject>
    </figure>
    <para>
      After you have logged in, you are returned to the entry page, which
      now shows that you are logged in and gives you a choice of
      repositories that you have access on. 
    </para>
    <figure id="figure-sesame-index-3" float="1">
      <title>The Sesame entry page when logged in</title>
      <mediaobject>
	<imageobject>
	  <imagedata fileref="figures/sesame-index-3.png"/>
	</imageobject>
      </mediaobject>
    </figure>
    <para>
      After selecting a repository, you come to the actual Sesame function
      interface (see <xref linkend="figure-sesame-toolbar"/>).
    </para>
    <figure id="figure-sesame-toolbar" float="1">
      <title>The repository function screen</title>
      <mediaobject>
	<imageobject>
	  <imagedata fileref="figures/sesame-toolbar-testuser.png"/>
	</imageobject>
      </mediaobject>
    </figure>
    <para>
      The toolbar at the top of the screen shows user and repository
      information, and allows the selection of different actions on the
      repository. The actions are divided in read actions (such as
      queries) and write actions (adding and removing data).
    </para>
  </section>
  <section>
    <title>Adding data to a repository</title>
    <para>
      The web interface offers three options for adding data to a Sesame
      repository: <symbol>Add file</symbol>, <symbol>Add (www)</symbol> and <symbol>Add
	(copy-paste)</symbol>.
    </para>
    <para>
      The <symbol>Add file</symbol> and <symbol>Add (www)</symbol> options
      are fairly straightforward. The first option allows you to select an
      RDF document from your local disk to add to the Sesame repository.
      The second option allows you to add RDF documents that are
      accessible through a URL to the repository.
    </para>
    <para>
      Optionally, you can supply a base URL. The base URL is used by the
      RDF parser to disambiguate any relative resource references in the
      RDF document. By default, Sesame uses <symbol>foo:bar</symbol> as a
      base URL, but this may not always be desirable, for example when the
      file is being from a temporary location, or when resources defined
      in the document are referenced by other RDF sources with different
      URLs.
    </para>
    <para>
      The <symbol>Add (copy-paste)</symbol> option allows you to upload data to
      Sesame by typing (or copying and pasting) it in the text area. The
      pasted text should be valid RDF/XML document.    
    </para>
  </section>
</chapter>
