<?xml version="1.0" encoding="UTF-8"?>
<project xmlns="http://maven.apache.org/POM/4.0.0"
         xmlns:xsi="http://www.w3.org/2001/XMLSchema-instance"
         xsi:schemaLocation="http://maven.apache.org/POM/4.0.0 http://maven.apache.org/maven-v4_0_0.xsd">
	<modelVersion>4.0.0</modelVersion>
	
	<groupId>org.openrdf</groupId>
	<artifactId>rio</artifactId>
	<version>@rio.version@</version>
	<packaging>jar</packaging>
	<name>Rio</name>
	<description>"Rio" stands for RDF I/O. It is a set of parsers and writers for RDF that has been designed with speed and standards-compliance as the main concerns.</description>
	<url>http://www.openrdf.org</url>

	<issueManagement>
		<system>Jira</system>
		<url>http://www.openrdf.org/issues</url>
	</issueManagement>

	<inceptionYear>2001</inceptionYear>
	
	<licenses>
		<license>
			<name>GNU Lesser General Public License (LGPL)</name>
			<url>http://www.gnu.org/copyleft/lesser.html</url>
			<distribution>repo</distribution>
		</license>
	</licenses>
	
	<scm>
		<connection>scm:cvs:pserver:anonymous:@sesame.cvs.sourceforge.net:/cvsroot/sesame:openrdf</connection>
		<tag>Rio1_0_8-release</tag>
		<url>http://sesame.cvs.sourceforge.net/sesame/openrdf/</url>
	</scm>

	<organization>
		<name>Aduna B.V.</name>
		<url>http://aduna-software.com</url>
	</organization>
	
	<dependencies>
		<dependency>
			<groupId>org.openrdf</groupId>
			<artifactId>openrdf-model</artifactId>
			<version>@sesame.version@</version>
		</dependency>
		<dependency>
			<groupId>org.openrdf</groupId>
			<artifactId>openrdf-util</artifactId>
			<version>@sesame.version@</version>
		</dependency>
	</dependencies>
</project> 
