<?xml version="1.0" encoding="ISO-8859-1"?>

<!DOCTYPE InferenceRules [
	<!ENTITY rdf 'http://www.w3.org/1999/02/22-rdf-syntax-ns#'>
	<!ENTITY rdfs 'http://www.w3.org/2000/01/rdf-schema#'>
	<!ENTITY owl 'http://www.w3.org/2002/07/owl#'>

<!ELEMENT InferenceRules (axiom | rule)* >

<!ELEMENT rule ((premise+, consequent, triggers_rule?)|EMPTY)>
<!ATTLIST rule
	name CDATA #REQUIRED>

<!ELEMENT triggers_rule (rule)* >

<!ELEMENT axiom       (subject, predicate, object)>
<!ELEMENT premise     (subject, predicate, object)>
<!ELEMENT consequent  (subject, predicate, object)>

<!ELEMENT subject EMPTY>
<!ATTLIST subject
	var CDATA #IMPLIED
	uri CDATA #IMPLIED
	pattern CDATA #IMPLIED
	escape CDATA #IMPLIED>

<!ELEMENT predicate EMPTY>
<!ATTLIST predicate
	var CDATA #IMPLIED
	uri CDATA #IMPLIED
	pattern CDATA #IMPLIED
	escape CDATA #IMPLIED>

<!ELEMENT object EMPTY>
<!ATTLIST object
	var CDATA #IMPLIED
	uri CDATA #IMPLIED
	pattern CDATA #IMPLIED
	escape CDATA #IMPLIED>
]>

<InferenceRules>

<!--
	Axioms and entailment rules for RDF and RDFS Semantics, Working Draft
	January 23 2003 - see http://www.w3.org/TR/2003/WD-rdf-mt-20030123/
-->

<!-- Axiomatic triples from RDF Semantics, section 3.3: -->

<axiom><subject uri="&rdfs;subPropertyOf"/> <predicate uri="&rdfs;domain"/> <object uri="&rdf;Property"/></axiom>
<axiom><subject uri="&rdfs;subClassOf"/> <predicate uri="&rdfs;domain"/> <object uri="&rdfs;Class"/></axiom>
<axiom><subject uri="&rdfs;domain"/> <predicate uri="&rdfs;domain"/> <object uri="&rdf;Property"/></axiom>
<axiom><subject uri="&rdfs;range"/> <predicate uri="&rdfs;domain"/> <object uri="&rdf;Property"/></axiom>
<axiom><subject uri="&rdf;subject"/> <predicate uri="&rdfs;domain"/> <object uri="&rdf;Statement"/></axiom>
<axiom><subject uri="&rdf;predicate"/> <predicate uri="&rdfs;domain"/> <object uri="&rdf;Statement"/></axiom>
<axiom><subject uri="&rdf;object"/> <predicate uri="&rdfs;domain"/> <object uri="&rdf;Statement"/></axiom>
<axiom><subject uri="&rdf;first"/> <predicate uri="&rdfs;domain"/> <object uri="&rdf;List"/></axiom>
<axiom><subject uri="&rdf;rest"/> <predicate uri="&rdfs;domain"/> <object uri="&rdf;List"/></axiom>

<axiom><subject uri="&rdfs;subPropertyOf"/> <predicate uri="&rdfs;range"/> <object uri="&rdf;Property"/></axiom>
<axiom><subject uri="&rdfs;subClassOf"/> <predicate uri="&rdfs;range"/> <object uri="&rdfs;Class"/></axiom>
<axiom><subject uri="&rdfs;domain"/> <predicate uri="&rdfs;range"/> <object uri="&rdfs;Class"/></axiom>
<axiom><subject uri="&rdfs;range"/> <predicate uri="&rdfs;range"/> <object uri="&rdfs;Class"/></axiom>
<axiom><subject uri="&rdf;type"/> <predicate uri="&rdfs;range"/> <object uri="&rdfs;Class"/></axiom>
<axiom><subject uri="&rdfs;comment"/> <predicate uri="&rdfs;range"/> <object uri="&rdfs;Literal"/></axiom>
<axiom><subject uri="&rdfs;label"/> <predicate uri="&rdfs;range"/> <object uri="&rdfs;Literal"/></axiom>
<axiom><subject uri="&rdf;rest"/> <predicate uri="&rdfs;range"/> <object uri="&rdf;List"/></axiom>

<axiom><subject uri="&rdf;Alt"/> <predicate uri="&rdfs;subClassOf"/> <object uri="&rdfs;Container"/></axiom>
<axiom><subject uri="&rdf;Bag"/> <predicate uri="&rdfs;subClassOf"/> <object uri="&rdfs;Container"/></axiom>
<axiom><subject uri="&rdf;Seq"/> <predicate uri="&rdfs;subClassOf"/> <object uri="&rdfs;Container"/></axiom>
<axiom><subject uri="&rdfs;ContainerMembershipProperty"/> <predicate uri="&rdfs;subClassOf"/> <object uri="&rdf;Property"/></axiom>

<axiom><subject uri="&rdfs;isDefinedBy"/> <predicate uri="&rdfs;subPropertyOf"/> <object uri="&rdfs;seeAlso"/></axiom>

<axiom><subject uri="&rdf;XMLLiteral"/> <predicate uri="&rdf;type"/> <object uri="&rdfs;Datatype"/></axiom>
<axiom><subject uri="&rdfs;Datatype"/> <predicate uri="&rdfs;subClassOf"/> <object uri="&rdfs;Class"/></axiom>


<!--  Axiomatic triples from RDF Semantics, section 4.2: -->

<axiom><subject uri="&rdfs;Resource"/> <predicate uri="&rdf;type"/> <object uri="&rdfs;Class"/></axiom>
<axiom><subject uri="&rdfs;Literal"/> <predicate uri="&rdf;type"/> <object uri="&rdfs;Class"/></axiom>
<axiom><subject uri="&rdf;Statement"/> <predicate uri="&rdf;type"/> <object uri="&rdfs;Class"/></axiom>
<axiom><subject uri="&rdf;nil"/> <predicate uri="&rdf;type"/> <object uri="&rdf;List"/></axiom>

<axiom><subject uri="&rdf;subject"/> <predicate uri="&rdf;type"/> <object uri="&rdf;Property"/></axiom>
<axiom><subject uri="&rdf;predicate"/> <predicate uri="&rdf;type"/> <object uri="&rdf;Property"/></axiom>
<axiom><subject uri="&rdf;object"/> <predicate uri="&rdf;type"/> <object uri="&rdf;Property"/></axiom>
<axiom><subject uri="&rdf;first"/> <predicate uri="&rdf;type"/> <object uri="&rdf;Property"/></axiom>
<axiom><subject uri="&rdf;rest"/> <predicate uri="&rdf;type"/> <object uri="&rdf;Property"/></axiom>

<!--
Rule rdfs1:
	xxx aaa yyy ==>
	aaa rdf:type rdf:Property
-->
<rule name="rdfs1">
	<premise>
		<subject var="xxx"/>
		<predicate var="aaa"/>
		<object var="yyy"/>
	</premise>
	<consequent>
		<subject var="aaa"/>
		<predicate uri="&rdf;type"/>
		<object uri="&rdf;Property"/>
	</consequent>
	<triggers_rule>
		<rule name="rdfs2" />
		<rule name="rdfs3" />
		<rule name="rdfs4a" />
		<rule name="rdfs5b" />
		<rule name="rdfs6" />
		<rule name="rdfs9" />
	</triggers_rule>
</rule>

<!--
Rule rdfs2:
	xxx aaa yyy &&
	aaa rdfs:domain zzz ==>
	xxx rdf:type zzz
-->
<rule name="rdfs2">
	<premise>
		<subject var="xxx"/>
		<predicate var="aaa"/>
		<object var="yyy"/>
	</premise>
	<premise>
		<subject var="aaa"/>
		<predicate uri="&rdfs;domain"/>
		<object var="zzz"/>
	</premise>
	<consequent>
		<subject var="xxx"/>
		<predicate uri="&rdf;type"/>
		<object var="zzz"/>
	</consequent>
	<triggers_rule>
		<rule name="rdfs2" />
		<rule name="rdfs3" />
		<rule name="rdfs5b" />
		<rule name="rdfs6" />
		<rule name="rdfs7a" />
		<rule name="rdfs7b" />
		<rule name="rdfs9" />
		<rule name="rdfs10" />
		<rule name="rdfs11" />
		<rule name="owl-valueRestriction"/>
	</triggers_rule>
</rule>

<!--
Rule rdfs3:
	xxx aaa uuu &&
	aaa rdfs:range zzz ==>
	uuu rdf:type zzz
-->
<rule name="rdfs3">
	<premise>
		<subject var="xxx"/>
		<predicate var="aaa"/>
		<object var="uuu"/>
	</premise>
	<premise>
		<subject var="aaa"/>
		<predicate uri="&rdfs;range"/>
		<object var="zzz"/>
	</premise>
	<consequent>
		<subject var="uuu"/>
		<predicate uri="&rdf;type"/>
		<object var="zzz"/>
	</consequent>
	<triggers_rule>
		<rule name="rdfs2" />
		<rule name="rdfs3" />
		<rule name="rdfs5b" />
		<rule name="rdfs6" />
		<rule name="rdfs7a" />
		<rule name="rdfs7b" />
		<rule name="rdfs9" />
		<rule name="rdfs10" />
		<rule name="rdfs11" />
		<rule name="owl-valueRestriction"/>
	</triggers_rule>
</rule>

<!--
Rule rdfs4a:
	xxx aaa yyy ==>
	xxx rdf:type rdfs:Resource
-->	
<rule name="rdfs4a">
	<premise>
		<subject var="xxx"/>
		<predicate var="aaa"/>
		<object var="yyy"/>
	</premise>
	<consequent>
		<subject var="xxx"/>
		<predicate uri="&rdf;type"/>
		<object uri="&rdfs;Resource"/>
	</consequent>
	<triggers_rule>
		<rule name="rdfs2" />
		<rule name="rdfs3" />
		<rule name="rdfs6" />
		<rule name="rdfs9" />
		<rule name="owl-valueRestriction"/>
	</triggers_rule>
</rule>

<!--
Rule rdfs4b:
	xxx aaa uuu ==>
	uuu rdf:type rdfs:Resource
-->
<rule name="rdfs4b">
	<premise>
		<subject var="xxx"/>
		<predicate var="aaa"/>
		<object var="uuu"/>
	</premise>
	<consequent>
		<subject var="uuu"/>
		<predicate uri="&rdf;type"/>
		<object uri="&rdfs;Resource"/>
	</consequent>
	<triggers_rule>
		<rule name="rdfs2" />
		<rule name="rdfs3" />
		<rule name="rdfs6" />
		<rule name="rdfs9" />
		<rule name="owl-valueRestriction"/>
	</triggers_rule>
</rule>

<!--	
Rule rdfs5a:
	aaa rdfs:subPropertyOf bbb &&
	bbb rdfs:subPropertyOf ccc ==>
	aaa rdfs:subPropertyOf ccc
-->	
<rule name="rdfs5a">
	<premise>
		<subject var="aaa"/>
		<predicate uri="&rdfs;subPropertyOf"/>
		<object var="bbb"/>
	</premise>
	<premise>
		<subject var="bbb"/>
		<predicate uri="&rdfs;subPropertyOf"/>
		<object var="ccc"/>
	</premise>
	<consequent>
		<subject var="aaa"/>
		<predicate uri="&rdfs;subPropertyOf"/>
		<object var="ccc"/>
	</consequent>
	<triggers_rule>
		<rule name="rdfs5a" />
		<rule name="rdfs6" />
	</triggers_rule>
</rule>

<!--
Rule rdfs5b:
	xxx rdf:type rdf:Property ==>
	xxx rdfs:subPropertyOf xxx
-->	
<rule name="rdfs5b">
	<premise>
		<subject var="xxx"/>
		<predicate uri="&rdf;type"/>
		<object uri="&rdf;Property"/>
	</premise>
	<consequent>
		<subject var="xxx"/>
		<predicate uri="&rdfs;subPropertyOf"/>
		<object var="xxx"/>
	</consequent>
	<triggers_rule>
		<rule name="rdfs2" />
		<rule name="rdfs3" />
		<rule name="rdfs6" />
	</triggers_rule>
</rule>

<!--
Rule rdfs6:
	xxx aaa yyy &&
	aaa rdfs:subPropertyOf bbb ==>
	xxx bbb yyy
-->
<rule name="rdfs6">
	<premise>
		<subject var="xxx"/>
		<predicate var="aaa"/>
		<object var="yyy"/>
	</premise>
	<premise>
		<subject var="aaa"/>
		<predicate uri="&rdfs;subPropertyOf"/>
		<object var="bbb"/>
	</premise>
	<consequent>
		<subject var="xxx"/>
		<predicate var="bbb"/>
		<object var="yyy"/>
	</consequent>
	<triggers_rule>
		<rule name="rdfs2" />
		<rule name="rdfs3" />
		<rule name="rdfs5a" />
		<rule name="rdfs5b" />
		<rule name="rdfs6" />
		<rule name="rdfs7a" />
		<rule name="rdfs7b" />
		<rule name="rdfs8" />
		<rule name="rdfs9" />
		<rule name="rdfs10" />
		<rule name="rdfs11" />
		<rule name="rdfsXI" />
		<rule name="owl-equivalentClass-inverse" />
		<rule name="owl-sameAs-inverse" />
		<rule name="owl-inverseOf-1" />
		<rule name="owl-transitiveProp" />
		<rule name="owl-symmetricProp" />
		<rule name="owl-valueRestriction" />
	</triggers_rule>
</rule>

<!--
Rule rdfs7a:
	xxx rdf:type rdfs:Class ==>
	xxx rdfs:subClassOf rdfs:Resource
-->	
<rule name="rdfs7a">
	<premise>
		<subject var="xxx"/>
		<predicate uri="&rdf;type"/>
		<object uri="&rdfs;Class"/>
	</premise>
	<consequent>
		<subject var="xxx"/>
		<predicate uri="&rdfs;subClassOf"/>
		<object uri="&rdfs;Resource"/>
	</consequent>
	<triggers_rule>
		<rule name="rdfs2" />
		<rule name="rdfs3" />
		<rule name="rdfs6" />
		<rule name="rdfs8" />
		<rule name="rdfs9" />
	</triggers_rule>
</rule>

<!--
Rule rdfs7b:
	xxx rdf:type rdfs:Class ==>
	xxx rdfs:subClassOf xxx
-->	
<rule name="rdfs7b">
	<premise>
		<subject var="xxx"/>
		<predicate uri="&rdf;type"/>
		<object uri="&rdfs;Class"/>
	</premise>
	<consequent>
		<subject var="xxx"/>
		<predicate uri="&rdfs;subClassOf"/>
		<object var="xxx"/>
	</consequent>
	<triggers_rule>
		<rule name="rdfs2" />
		<rule name="rdfs3" />
		<rule name="rdfs6" />
	</triggers_rule>
</rule>

<!--
Rule rdfs8:
	xxx rdfs:subClassOf yyy &&
	yyy rdfs:subClassOf zzz ==>
	xxx rdfs:subClassOf zzz
-->	
<rule name="rdfs8">
	<premise>
		<subject var="xxx"/>
		<predicate uri="&rdfs;subClassOf"/>
		<object var="yyy"/>
	</premise>
	<premise>
		<subject var="yyy"/>
		<predicate uri="&rdfs;subClassOf"/>
		<object var="zzz"/>
	</premise>
	<consequent>
		<subject var="xxx"/>
		<predicate uri="&rdfs;subClassOf"/>
		<object var="zzz"/>
	</consequent>
	<triggers_rule>
		<rule name="rdfs6" />
		<rule name="rdfs8" />
		<rule name="rdfs9" />
		<rule name="owl-valueRestriction"/>
	</triggers_rule>
</rule>

<!--
Rule rdfs9:
	aaa rdf:type xxx &&
	xxx rdfs:subClassOf yyy ==>
	aaa rdf:type yyy
-->	
<rule name="rdfs9">
	<premise>
		<subject var="aaa"/>
		<predicate uri="&rdf;type"/>
		<object var="xxx"/>
	</premise>
	<premise>
		<subject var="xxx"/>
		<predicate uri="&rdfs;subClassOf"/>
		<object var="yyy"/>
	</premise>
	<consequent>
		<subject var="aaa"/>
		<predicate uri="&rdf;type"/>
		<object var="yyy"/>
	</consequent>
	<triggers_rule>
		<rule name="rdfs3" />
		<rule name="rdfs5b" />
		<rule name="rdfs6" />
		<rule name="rdfs7a" />
		<rule name="rdfs7b" />
		<rule name="rdfs9" />
		<rule name="rdfs10" />
		<rule name="rdfs11" />
		<rule name="rdfs11" />
		<rule name="owl-valueRestriction" />
		<rule name="owl-transitiveProp" />
		<rule name="owl-symmetricProp" />
	</triggers_rule>
</rule>

<!--
Rule rdfs10:
	xxx rdf:type rdfs:ContainerMembershipProperty ==>
	xxx rdfs:subPropertyOf rdfs:member
-->	
<rule name="rdfs10">
	<premise>
		<subject var="xxx"/>
		<predicate uri="&rdf;type"/>
		<object uri="&rdfs;ContainerMembershipProperty"/>
	</premise>
	<consequent>
		<subject var="xxx"/>
		<predicate uri="&rdfs;subPropertyOf"/>
		<object uri="&rdfs;member"/>
	</consequent>
	<triggers_rule>
		<rule name="rdfs2" />
		<rule name="rdfs3" />
		<rule name="rdfs4b" />
		<rule name="rdfs5a" />
		<rule name="rdfs6" />
	</triggers_rule>
</rule>

<!--
Rule rdfs11:
	xxx rdf:type rdfs:Datatype ==>
	xxx rdfs:subClassOf rdfs:Literal
-->	
<rule name="rdfs11">
	<premise>
		<subject var="xxx"/>
		<predicate uri="&rdf;type"/>
		<object uri="&rdfs;Datatype"/>
	</premise>
	<consequent>
		<subject var="xxx"/>
		<predicate uri="&rdfs;subClassOf"/>
		<object uri="&rdfs;Literal"/>
	</consequent>
	<triggers_rule>
		<rule name="rdfs2" />
		<rule name="rdfs3" />
		<rule name="rdfs6" />
		<rule name="rdfs8" />
		<rule name="rdfs9" />
	</triggers_rule>
</rule>

<!--
Rule rdfsXI:
	xxx rdf:_* yyy ==>
	rdf:_* rdf:type rdfs:ContainerMembershipProperty
-->	
<rule name="rdfsXI">
	<premise>
		<subject var="xxx"/>
		<predicate var="id" pattern="&rdf;_*" escape="\"/>
		<object var="yyy"/>
	</premise>
	<consequent>
		<subject var="id"/>
		<predicate uri="&rdf;type"/>
		<object uri="&rdfs;ContainerMembershipProperty"/>
	</consequent>
	<triggers_rule>
		<rule name="rdfs2" />
		<rule name="rdfs3" />
		<rule name="rdfs6" />
		<rule name="rdfs9" />
		<rule name="rdfs10" />
	</triggers_rule>
</rule>


<!--
	Axioms and inference rules specifically for OWL
-->

<axiom><subject uri="&owl;Class"/> <predicate uri="&rdfs;subClassOf"/> <object uri="&rdfs;Class"/></axiom>
<axiom><subject uri="&owl;equivalentClass"/> <predicate uri="&rdfs;subPropertyOf"/> <object uri="&rdfs;subClassOf"/></axiom>

<!--
Rule owl-equivalentClass-inverse:
	xxx owl:equivalentClass yyy ==>
	yyy owl:equivalentClass xxx
-->
<rule name="owl-equivalentClass-inverse">
	<premise>
		<subject var="xxx"/>
		<predicate uri="&owl;equivalentClass"/>
		<object var="yyy"/>
	</premise>
	<consequent>
		<subject var="yyy"/>
		<predicate uri="&owl;equivalentClass"/>
		<object var="xxx"/>
	</consequent>
	<triggers_rule>
		<rule name="rdfs2" />
		<rule name="rdfs3" />
		<rule name="rdfs6" />		
	</triggers_rule>
</rule>

<!--
Rule owl-sameAs-inverse:
	xxx owl:sameAs yyy ==>
	yyy owl:sameAs xxx
-->
<rule name="owl-sameAs-inverse">
	<premise>
		<subject var="xxx"/>
		<predicate uri="&owl;sameAs"/>
		<object var="yyy"/>
	</premise>
	<consequent>
		<subject var="yyy"/>
		<predicate uri="&owl;sameAs"/>
		<object var="xxx"/>
	</consequent>
	<triggers_rule>
		<rule name="rdfs2" />
		<rule name="rdfs3" />
		<rule name="rdfs6" />
		<rule name="owl-sameAs-transitive"/>		
		<rule name="owl-sameAs-incoming"/>
		<rule name="owl-sameAs-outgoing"/>
	</triggers_rule>
</rule>

<!--
Rule owl-sameAs-transitive:
	xxx owl:sameAs yyy &&
	yyy owl:sameAs zzz ==>
	xxx owl:sameAs zzz
-->
<rule name="owl-sameAs-transitive">
	<premise>
		<subject var="xxx"/>
		<predicate uri="&owl;sameAs"/>
		<object var="yyy"/>
	</premise>
	<premise>
		<subject var="yyy"/>
		<predicate uri="&owl;sameAs"/>
		<object var="zzz"/>
	</premise>
	<consequent>
		<subject var="xxx"/>
		<predicate uri="&owl;sameAs"/>
		<object var="zzz"/>
	</consequent>
	<triggers_rule>
		<rule name="owl-sameAs-inverse"/>
		<rule name="owl-sameAs-incoming"/>
		<rule name="owl-sameAs-outgoing"/>
		<rule name="rdfs2"/>
		<rule name="rdfs3"/>
		<rule name="rdfs6"/>
	</triggers_rule>
</rule>

<!--
Rule owl-sameAs-outgoing:
	xxx owl:sameAs yyy &&
	xxx ppp zzz ==>
	yyy ppp zzz
-->
<rule name="owl-sameAs-outgoing">
	<premise>
		<subject var="xxx"/>
		<predicate uri="&owl;sameAs"/>
		<object var="yyy"/>
	</premise>
	<premise>
		<subject var="xxx"/>
		<predicate var="ppp"/>
		<object var="zzz"/>
	</premise>
	<consequent>
		<subject var="yyy"/>
		<predicate var="ppp"/>
		<object var="zzz"/>
	</consequent>
	<triggers_rule>
		<rule name="rdfs2"/>
		<rule name="rdfs3"/>
		<rule name="rdfs6"/>
	</triggers_rule>
</rule>

<!--
Rule owl-sameAs-ingoing:
	xxx owl:sameAs yyy &&
	zzz ppp xxx ==>
	zzz ppp yyy
-->
<rule name="owl-sameAs-incoming">
	<premise>
		<subject var="xxx"/>
		<predicate uri="&owl;sameAs"/>
		<object var="yyy"/>
	</premise>
	<premise>
		<subject var="zzz"/>
		<predicate var="ppp"/>
		<object var="xxx"/>
	</premise>
	<consequent>
		<subject var="zzz"/>
		<predicate var="ppp"/>
		<object var="yyy"/>
	</consequent>
	<triggers_rule>
		<rule name="rdfs2"/>
		<rule name="rdfs3"/>
		<rule name="rdfs6"/>
	</triggers_rule>
</rule>

<!--
Rule owl-inverseOf-1:
	ppp owl:inverseOf qqq &&
	xxx ppp yyy ==>
	yyy qqq xxx
-->
<rule name="owl-inverseOf-1">
	<premise>
		<subject var="ppp"/>
		<predicate uri="&owl;inverseOf"/>
		<object var="qqq"/>
	</premise>
	<premise>
		<subject var="xxx"/>
		<predicate var="ppp"/>
		<object var="yyy"/>
	</premise>
	<consequent>
		<subject var="yyy"/>
		<predicate var="qqq"/>
		<object var="xxx"/>
	</consequent>
	<triggers_rule>
		<rule name="rdfs2"/>
		<rule name="rdfs3"/>
		<rule name="rdfs6"/>
		<rule name="owl-transitiveProp"/>
		<rule name="owl-symmetricProp"/>
	</triggers_rule>
</rule>

<!--
Rule owl-inverseOf-2:
	ppp owl:inverseOf qqq ==>
	qqq owl:inverseOf ppp
-->
<rule name="owl-inverseOf-2">
	<premise>
		<subject var="ppp"/>
		<predicate uri="&owl;inverseOf"/>
		<object var="qqq"/>
	</premise>
	<consequent>
		<subject var="qqq"/>
		<predicate uri="&owl;inverseOf"/>
		<object var="ppp"/>
	</consequent>
	<triggers_rule>
		<rule name="owl-inverseOf-1"/>
		<rule name="rdfs2"/>
		<rule name="rdfs3"/>
		<rule name="rdfs6"/>
	</triggers_rule>
</rule>

<!--
Rule owl-transitiveProp:
	ppp rdf:type owl:TransitiveProperty &&
	xxx ppp yyy &&
	yyy ppp zzz ==>
	xxx ppp zzz
-->
<rule name="owl-transitiveProp">
	<premise>
		<subject var="ppp"/>
		<predicate uri="&rdf;type"/>
		<object uri="&owl;TransitiveProperty"/>
	</premise>
	<premise>
		<subject var="xxx"/>
		<predicate var="ppp"/>
		<object var="yyy"/>
	</premise>
	<premise>
		<subject var="yyy"/>
		<predicate var="ppp"/>
		<object var="zzz"/>
	</premise>
	<consequent>
		<subject var="xxx"/>
		<predicate var="ppp"/>
		<object var="zzz"/>
	</consequent>
	<triggers_rule>
		<rule name="rdfs2"/>
		<rule name="rdfs3"/>
		<rule name="rdfs6"/>
		<rule name="owl-symmetricProp"/>
	</triggers_rule>
</rule>

<!--
Rule owl-symmetricProp:
	ppp rdf:type owl:SymmetricProperty &&
	xxx ppp yyy ==>
	yyy ppp xxx
-->
<rule name="owl-symmetricProp">
	<premise>
		<subject var="ppp"/>
		<predicate uri="&rdf;type"/>
		<object uri="&owl;SymmetricProperty"/>
	</premise>
	<premise>
		<subject var="xxx"/>
		<predicate var="ppp"/>
		<object var="yyy"/>
	</premise>
	<consequent>
		<subject var="yyy"/>
		<predicate var="ppp"/>
		<object var="xxx"/>
	</consequent>
	<triggers_rule>
		<rule name="rdfs2"/>
		<rule name="rdfs3"/>
		<rule name="rdfs6"/>
		<rule name="owl-transitiveProp"/>
	</triggers_rule>
</rule>

<!--
Rule owl-valueRestriction:
	xxx rdfs:subClassOf yyy &&
	iii rdf:type xxx &&
	yyy rdf:type owl:Restriction &&
	yyy owl:onProperty ppp &&
	yyy owl:hasValue zzz ==>
	iii ppp zzz
-->
<rule name="owl-valueRestriction">
	<premise>
		<subject var="xxx"/>
		<predicate uri="&rdfs;subClassOf"/>
		<object var="yyy"/>
	</premise>
	<premise>
		<subject var="iii"/>
		<predicate uri="&rdf;type"/>
		<object var="xxx"/>
	</premise>
	<premise>
		<subject var="yyy"/>
		<predicate uri="&rdf;type"/>
		<object uri="&owl;Restriction"/>
	</premise>
	<premise>
		<subject var="yyy"/>
		<predicate uri="&owl;onProperty"/>
		<object var="ppp"/>
	</premise>
	<premise>
		<subject var="yyy"/>
		<predicate uri="&owl;hasValue"/>
		<object var="zzz"/>
	</premise>
	<consequent>
		<subject var="iii"/>
		<predicate var="ppp"/>
		<object var="zzz"/>
	</consequent>
	<triggers_rule>
		<rule name="rdfs2"/>
		<rule name="rdfs3"/>
		<rule name="rdfs6"/>
	</triggers_rule>
</rule>

<!--
Rule owl-intersectionOf-first:
	xxx owl:intersectionOf yyy &&
	yyy rdf:first zzz ==>
	xxx owl:equivalentClass zzz
-->
<rule name="owl-intersectionOf-first">
	<premise>
		<subject var="xxx"/>
		<predicate uri="&owl;intersectionOf"/>
		<object var="yyy"/>
	</premise>
	<premise>
		<subject var="yyy"/>
		<predicate uri="&rdf;first"/>
		<object var="zzz"/>
	</premise>
	<consequent>
		<subject var="xxx"/>
		<predicate uri="&rdfs;subClassOf"/>
		<object var="zzz"/>
	</consequent>
	<triggers_rule>
		<rule name="rdfs2"/>
		<rule name="rdfs3"/>
		<rule name="rdfs6"/>
		<rule name="rdfs8"/>
		<rule name="rdfs9"/>
	</triggers_rule>
</rule>

<!-- FIXME this only works for intersections of two classes -->
<!--
Rule owl-intersectionOf-rest:
	xxx owl:intersectionOf yyy &&
	yyy rdf:rest zzz ==>
	xxx owl:equivalentClass zzz
-->
<rule name="owl-intersectionOf-rest">
	<premise>
		<subject var="xxx"/>
		<predicate uri="&owl;intersectionOf"/>
		<object var="yyy"/>
	</premise>
	<premise>
		<subject var="yyy"/>
		<predicate uri="&rdf;rest"/>
		<object var="zzz"/>
	</premise>
	<consequent>
		<subject var="xxx"/>
		<predicate uri="&rdfs;subClassOf"/>
		<object var="zzz"/>
	</consequent>
	<triggers_rule>
		<rule name="rdfs2"/>
		<rule name="rdfs3"/>
		<rule name="rdfs6"/>
		<rule name="rdfs8"/>
		<rule name="rdfs9"/>
	</triggers_rule>
</rule>

</InferenceRules>
